delivery_id,order_id,driver_id,distance_km,traffic_level,weather_condition,temperature_c,pickup_delay_minutes,restaurant_wait_minutes,estimated_delivery_minutes,actual_delivery_minutes,delivery_status
1,1687,101,2.48,Medium,Rain,11.5,5.4,6.8,19.3,16.8,Delivered
2,3506,185,3.75,Low,Clear,9.7,6.3,7.3,18.2,14.6,Delivered
3,184,307,3.73,Medium,Cloudy,14.3,6.0,18.1,31.6,25.3,Delivered
4,1208,100,7.28,High,Clear,8.5,5.9,19.0,59.4,66.7,Delivered
5,4470,66,4.28,Medium,Cloudy,8.6,10.4,19.2,38.0,33.6,Delivered
6,2227,202,11.36,High,Cloudy,21.0,7.6,21.6,91.3,98.8,Delayed
7,2828,114,6.75,Medium,Clear,14.5,9.1,17.7,54.2,57.0,Cancelled
8,2385,128,10.47,High,Rain,22.1,9.0,29.8,111.0,125.2,Delayed
9,2495,144,1.82,Medium,Cloudy,15.7,21.6,24.8,49.9,47.4,Delivered
10,4194,68,1.23,High,Cloudy,14.8,8.5,26.2,41.2,46.3,Delivered
11,2199,67,3.6,Medium,Rain,5.2,5.6,17.0,29.6,30.1,Delivered
12,1648,262,0.97,High,Rain,7.5,8.2,15.9,31.1,30.0,Delivered
13,62,137,1.11,High,Rain,30.3,6.8,20.2,31.1,31.1,Delivered
14,4017,54,2.42,Low,Clear,27.2,5.2,16.8,25.0,27.2,Delivered
15,3579,96,2.62,Low,Rain,5.1,4.7,28.0,37.9,33.7,Delivered
16,2482,198,3.04,Medium,Clear,11.8,9.6,11.3,31.0,32.9,Delivered
17,4116,129,0.4,High,Rain,13.3,8.9,24.4,36.1,36.5,Delivered
18,743,301,1.15,Medium,Cloudy,18.6,4.0,18.3,24.3,28.2,Delivered
19,4061,93,17.8,Medium,Clear,12.8,3.6,6.0,74.3,83.5,Delayed
20,329,32,5.6,High,Rain,7.3,8.5,35.0,78.6,91.8,Delayed
21,917,267,1.82,High,Rain,16.5,11.0,14.1,34.5,41.9,Delivered
22,2573,142,7.23,Medium,Cloudy,18.7,4.3,28.6,60.5,63.6,Delivered
23,3541,60,9.67,Medium,Cloudy,7.0,4.3,16.6,37.9,46.1,Delivered
24,1668,67,0.48,Low,Rain,24.8,2.8,12.6,16.2,17.1,Delivered
25,1224,165,4.58,Low,Clear,1.6,6.6,17.8,36.2,42.3,Delivered
26,2639,97,1.21,Medium,Rain,4.3,6.0,9.6,20.2,20.4,Delivered
27,418,39,3.16,High,Cloudy,5.0,5.5,22.2,35.7,38.3,Cancelled
28,4152,306,10.71,Low,Cloudy,11.4,2.4,14.2,40.7,35.5,Delivered
29,1931,334,0.7,High,Cloudy,4.1,8.3,22.6,32.8,34.0,Delivered
30,4462,222,0.89,Medium,Clear,29.7,5.1,16.2,23.5,26.4,Delivered
31,3349,110,3.06,Medium,Clear,11.5,4.1,16.7,33.3,37.4,Delivered
32,130,77,3.64,Medium,Cloudy,12.0,4.0,3.1,16.1,9.3,Delivered
33,4015,205,0.64,High,Clear,13.9,6.7,20.2,28.6,27.9,Delivered
34,3851,17,1.05,Medium,Cloudy,-1.0,5.5,15.4,23.9,21.9,Delivered
35,1674,347,1.16,Low,Cloudy,9.1,2.1,18.4,23.1,23.2,Delivered
36,2461,132,0.57,Low,Cloudy,13.7,3.3,15.0,19.1,19.3,Delivered
37,3422,108,1.73,High,Clear,19.6,8.0,14.1,29.1,27.6,Delivered
38,2247,282,8.26,High,Cloudy,29.8,13.9,21.9,61.7,66.3,Delivered
39,4125,111,18.97,Low,Clear,18.8,2.2,22.9,75.8,79.3,Delayed
40,709,212,2.06,Medium,Rain,14.1,2.8,13.8,21.2,29.3,Delivered
41,4415,174,3.89,Medium,Clear,-0.9,7.0,13.2,31.5,31.1,Delivered
42,1688,102,4.53,High,Rain,13.0,5.4,20.0,47.2,49.3,Delivered
43,2438,265,10.43,Medium,Cloudy,7.9,6.7,15.1,42.7,37.3,Delivered
44,2185,227,1.22,Medium,Rain,7.6,3.8,20.8,28.8,25.9,Delivered
45,1160,258,1.67,High,Cloudy,9.1,10.4,18.2,36.2,43.0,Delivered
46,2873,176,13.5,Low,Cloudy,20.8,2.4,16.0,71.8,75.1,Delayed
47,3868,30,6.5,Medium,Rain,7.9,4.9,17.0,50.4,53.0,Delivered
48,3208,95,3.78,Medium,Clear,20.2,4.3,14.2,24.7,22.9,Delivered
49,3184,316,0.94,Low,Rain,17.6,3.7,16.3,22.1,25.3,Delivered
50,3105,341,0.98,Medium,Rain,2.7,7.6,18.4,28.0,27.0,Delivered
51,498,191,6.16,Medium,Rain,13.5,4.4,10.0,33.1,32.5,Delivered
52,3917,271,8.74,High,Rain,17.7,6.8,22.0,80.9,90.6,Delayed
53,3723,176,4.04,High,Clear,23.8,6.9,21.5,49.9,50.8,Delivered
54,1417,228,3.32,Low,Rain,7.6,2.8,19.9,28.5,23.7,Delivered
55,1438,204,2.83,Medium,Clear,22.0,7.8,13.9,32.4,68.2,Delivered
56,2493,251,8.92,Low,Cloudy,12.3,4.4,20.2,42.9,37.3,Delivered
57,161,200,4.57,Medium,Clear,13.3,2.7,34.7,48.5,52.0,Delivered
58,740,87,0.82,High,Clear,6.6,9.0,16.9,29.7,35.6,Delivered
59,2574,192,11.75,High,Clear,7.8,21.2,21.1,96.6,99.9,Delayed
60,2590,153,2.18,High,Clear,-2.9,11.2,28.0,55.0,63.6,Delivered
61,3394,126,0.61,Medium,Clear,9.2,4.8,26.5,32.3,35.4,Delivered
62,1966,97,2.16,Low,Snow,-2.3,2.9,12.3,23.3,27.9,Delivered
63,1490,178,0.99,Medium,Cloudy,24.6,6.8,22.4,32.2,30.2,Delivered
64,1059,258,2.79,High,Clear,6.8,7.9,21.9,40.3,42.1,Delivered
65,2098,96,2.97,Low,Rain,9.9,3.5,14.5,23.9,27.3,Delivered
66,372,256,3.85,Medium,Cloudy,2.2,4.3,13.6,24.7,22.9,Delivered
67,1154,77,7.85,Low,Clear,5.5,2.7,20.9,39.1,67.7,Delivered
68,3668,18,2.79,High,Cloudy,9.2,8.7,17.7,37.0,42.6,Delivered
69,1852,187,3.83,Medium,Clear,16.7,6.5,26.2,40.4,45.2,Delivered
70,1884,281,9.92,High,Clear,15.0,8.0,26.9,81.9,94.1,Delayed
71,3699,162,0.69,Medium,Clear,18.7,4.5,23.3,29.2,28.8,Delivered
72,1061,231,7.26,Medium,Rain,3.4,6.3,22.9,45.7,47.7,Delivered
73,1610,59,0.4,Low,Rain,1.7,6.4,14.2,22.0,21.6,Delivered
74,2897,24,1.18,Medium,Clear,24.1,8.7,24.3,35.1,34.0,Delivered
75,41,340,3.39,Low,Cloudy,13.6,2.5,16.2,25.3,26.6,Delivered
76,3061,122,1.19,Low,Rain,26.2,11.6,12.0,26.7,28.2,Delivered
77,4451,115,2.12,High,Snow,-7.1,5.1,21.5,47.8,48.7,Delivered
78,4192,36,3.61,Low,Clear,17.1,6.4,19.6,30.9,38.7,Delivered
79,3920,129,8.95,Low,Snow,-1.0,4.2,22.1,76.5,72.9,Delivered
80,3834,228,4.75,Medium,Clear,7.8,4.3,21.9,34.2,36.9,Delivered
81,3675,169,1.38,Medium,Cloudy,4.5,3.2,9.5,15.6,13.7,Delivered
82,2325,279,5.49,Low,Rain,6.3,4.5,20.6,37.3,38.9,Delivered
83,669,294,2.63,Low,Clear,22.2,2.3,19.1,27.2,29.7,Delivered
84,80,251,1.85,Medium,Rain,12.2,4.2,17.2,26.9,33.2,Delivered
85,4418,49,0.53,Low,Cloudy,22.9,4.7,22.3,29.0,28.0,Delivered
86,1684,109,1.12,Medium,Rain,6.0,9.7,20.4,38.0,41.1,Delivered
87,3623,131,8.19,Medium,Clear,5.7,4.6,23.1,45.6,37.2,Delivered
88,2623,307,3.67,Low,Rain,23.7,12.6,22.7,42.6,48.4,Delivered
89,313,79,1.41,Low,Rain,-4.8,2.0,15.8,21.9,24.9,Delivered
90,2914,126,4.39,Medium,Cloudy,10.8,3.9,15.4,27.2,28.6,Delivered
91,3162,7,4.3,Low,Cloudy,7.9,4.2,19.1,33.1,34.8,Delivered
92,106,302,3.13,Low,Clear,27.4,2.3,15.9,27.0,24.9,Delivered
93,4103,57,0.86,Medium,Clear,8.9,11.5,11.7,24.7,24.2,Delivered
94,3268,34,1.1,High,Clear,-7.3,8.4,22.9,38.1,37.6,Delivered
95,488,314,5.66,Medium,Rain,0.7,5.1,17.2,38.5,38.0,Delivered
96,3710,51,1.12,Low,Clear,17.7,2.1,10.7,14.6,15.6,Delivered
97,1866,222,2.72,High,Rain,16.4,5.5,14.4,33.0,40.7,Delivered
98,406,191,1.43,Medium,Rain,14.8,7.0,12.3,23.5,21.8,Delivered
99,1368,62,2.73,Medium,Clear,15.1,6.2,20.0,33.9,35.2,Delivered
100,1541,273,1.58,Medium,Clear,27.3,10.2,16.5,32.5,33.6,Delivered
101,3613,293,2.1,Low,Rain,1.2,2.5,10.1,16.5,16.0,Delivered
102,2586,274,3.51,Medium,Rain,8.2,5.4,27.2,53.1,54.0,Delivered
103,3250,100,0.84,Medium,Rain,12.2,6.9,14.3,24.7,32.1,Delivered
104,1024,205,0.47,Low,Clear,26.4,4.3,24.6,29.6,29.9,Delivered
105,3033,236,7.68,High,Rain,-0.6,7.3,21.0,91.9,103.0,Delayed
106,2177,291,1.32,Medium,Clear,8.7,5.5,11.9,19.9,19.9,Delivered
107,4373,226,0.83,Medium,Clear,23.0,7.6,15.8,25.0,32.9,Delivered
108,1772,32,3.73,Medium,Clear,16.4,3.9,35.0,52.7,61.1,Delivered
109,2104,140,1.95,Low,Rain,11.8,6.5,14.9,30.3,34.9,Delivered
110,3034,143,1.9,Low,Rain,25.2,2.6,20.9,32.9,37.1,Delivered
111,2596,234,0.56,Low,Cloudy,3.6,2.2,17.5,20.6,23.6,Delivered
112,1734,236,2.77,Low,Rain,13.9,4.4,17.2,34.8,34.1,Delivered
113,4386,99,1.21,High,Rain,5.7,8.6,18.8,33.6,35.5,Delivered
114,1603,172,1.12,Medium,Rain,13.5,4.7,19.1,29.1,40.3,Delivered
115,2516,116,0.65,High,Rain,15.5,9.6,29.8,45.4,50.2,Delivered
116,3922,155,13.56,Medium,Clear,7.4,6.0,23.7,91.1,95.2,Delayed
117,818,344,1.7,Medium,Clear,24.1,5.6,18.7,30.5,27.2,Delivered
118,330,114,1.45,Medium,Rain,27.2,4.6,22.9,36.1,36.5,Delivered
119,2320,295,2.66,High,Cloudy,12.6,16.7,25.9,49.3,44.8,Delivered
120,2583,111,3.35,Low,Clear,0.5,2.5,25.9,35.4,37.8,Delivered
121,2124,301,4.02,High,Rain,15.2,15.2,25.2,55.4,52.4,Delivered
122,1892,151,2.47,High,Rain,20.3,7.7,19.9,46.1,41.4,Delivered
123,3125,237,2.89,Low,Cloudy,7.4,2.5,10.4,23.4,25.4,Delivered
124,4062,257,2.25,Medium,Rain,11.5,5.2,10.8,23.6,17.6,Delivered
125,209,65,5.41,High,Clear,20.2,6.9,39.1,63.7,68.9,Delivered
126,1798,9,4.85,Low,Rain,13.3,2.3,15.4,31.7,40.5,Delivered
127,2811,85,2.0,Medium,Clear,9.7,6.1,21.9,34.5,38.1,Delivered
128,2681,203,7.17,High,Clear,21.3,8.9,24.1,67.8,76.7,Delayed
129,870,320,3.71,High,Clear,12.5,4.9,23.4,36.9,40.5,Delivered
130,4111,27,7.57,High,Cloudy,15.6,6.1,25.6,52.5,47.9,Delivered
131,76,68,4.97,High,Clear,7.1,7.6,21.5,44.7,37.6,Delivered
132,473,341,2.62,Low,Clear,16.7,5.4,17.2,25.9,28.2,Delivered
133,3472,236,1.68,Low,Rain,26.7,3.8,24.3,36.1,40.0,Delivered
134,3574,127,0.73,Medium,Clear,8.3,13.2,18.9,33.6,35.8,Delivered
135,3676,232,2.27,Low,Cloudy,13.2,2.0,18.4,27.0,29.1,Delivered
136,1864,154,1.56,High,Rain,0.1,9.4,21.2,41.4,41.3,Delivered
137,1034,35,3.95,Low,Rain,17.3,3.3,12.5,27.7,30.8,Delivered
138,4276,265,3.41,Low,Rain,4.9,7.7,9.3,23.1,27.7,Delivered
139,591,47,2.28,Medium,Clear,14.7,7.8,25.1,37.6,35.9,Delivered
140,4438,130,0.55,Medium,Clear,32.0,8.1,21.8,31.9,30.9,Delivered
141,2657,291,2.11,Medium,Clear,23.3,4.5,19.6,30.9,28.1,Delivered
142,3367,42,1.01,High,Cloudy,16.2,5.8,26.0,38.7,34.9,Delivered
143,3887,188,2.03,Medium,Cloudy,21.7,3.6,20.1,32.4,33.6,Delivered
144,1930,282,1.47,High,Clear,11.5,5.2,25.8,37.7,41.8,Delivered
145,1789,322,5.78,Medium,Cloudy,19.8,10.6,17.3,47.1,58.1,Delivered
146,3640,170,0.73,Low,Cloudy,8.9,2.5,27.0,31.1,30.5,Delivered
147,6,295,1.39,Medium,Clear,5.1,7.0,14.0,23.2,22.0,Delivered
148,1392,289,10.55,High,Cloudy,8.5,5.7,16.6,70.9,77.5,Delayed
149,1189,63,4.55,Low,Clear,13.3,4.9,27.1,38.9,37.3,Delivered
150,229,307,6.68,Low,Cloudy,19.2,3.0,20.9,35.0,41.8,Delivered
151,2440,51,3.68,Low,Cloudy,13.2,2.7,15.4,24.5,28.4,Delivered
152,3651,43,3.6,Medium,Cloudy,28.2,3.4,13.0,32.8,37.2,Delivered
153,3128,313,5.11,Medium,Clear,1.2,7.3,7.2,30.5,27.5,Delivered
154,3135,167,16.83,Medium,Clear,14.9,5.4,23.5,94.2,98.7,Delayed
155,4252,200,7.28,Medium,Rain,12.3,5.6,20.5,43.8,50.3,Delivered
156,1630,72,7.03,Medium,Clear,7.4,4.3,15.3,40.3,41.5,Delivered
157,1806,53,3.21,Medium,Clear,2.7,11.1,16.6,36.2,28.7,Delivered
158,781,127,1.05,High,Clear,7.7,6.5,20.2,30.0,37.8,Delivered
159,1199,132,4.16,Low,Cloudy,19.7,12.4,28.7,47.2,46.4,Delivered
160,4048,344,5.48,High,Rain,20.8,5.8,15.9,43.5,47.3,Delivered
161,3361,311,3.12,High,Rain,12.7,8.1,21.5,41.6,46.2,Delivered
162,3286,338,3.37,Medium,Cloudy,23.0,4.4,16.8,30.3,30.7,Delivered
163,1484,243,0.77,Low,Cloudy,5.3,2.0,16.8,23.1,68.1,Delivered
164,961,248,2.22,Medium,Clear,21.0,4.3,22.8,33.6,60.4,Delivered
165,3447,258,1.46,Medium,Rain,-3.1,4.6,21.7,30.0,29.0,Delivered
166,2757,62,0.99,Medium,Clear,16.7,4.1,18.8,25.7,37.0,Delivered
167,2066,45,1.62,Low,Clear,13.4,2.4,14.9,20.2,18.3,Delivered
168,4115,206,3.88,Medium,Clear,18.0,3.0,17.3,29.2,30.9,Delivered
169,3345,54,2.3,High,Rain,28.4,9.5,28.8,45.4,47.9,Delivered
170,2973,135,1.06,Low,Cloudy,8.7,2.1,14.6,20.3,23.4,Delivered
171,3475,122,1.93,High,Clear,15.0,7.6,23.5,41.2,53.7,Delivered
172,3768,153,4.65,High,Cloudy,21.9,8.7,22.7,62.9,69.0,Delivered
173,2360,13,4.86,Low,Rain,18.5,3.4,26.9,44.4,41.0,Delivered
174,2053,226,1.63,High,Clear,21.0,8.2,27.3,41.3,44.0,Delivered
175,2155,285,4.21,Low,Cloudy,7.6,3.7,15.9,35.6,37.2,Delivered
176,857,254,4.67,Medium,Rain,4.8,4.4,20.9,40.1,47.1,Delivered
177,203,203,5.77,High,Clear,20.0,6.8,28.0,60.4,66.4,Delivered
178,433,50,2.27,Medium,Cloudy,6.5,3.6,19.4,29.6,30.6,Delivered
179,1260,177,0.4,Low,Clear,9.5,2.9,13.1,17.3,17.0,Delivered
180,2871,287,6.92,Medium,Clear,11.9,4.7,3.5,22.0,25.4,Delivered
181,4432,253,5.18,Medium,Clear,21.7,4.9,35.1,51.4,55.9,Delivered
182,1856,110,0.89,High,Cloudy,5.1,15.1,28.2,50.2,45.5,Delivered
183,283,273,12.74,Low,Rain,1.9,2.8,9.8,53.5,51.7,Delivered
184,1955,55,0.67,High,Rain,2.6,5.9,19.5,29.9,32.5,Delivered
185,3016,329,1.45,Medium,Cloudy,22.4,5.1,14.8,26.4,22.7,Delivered
186,2248,306,0.49,Low,Clear,3.8,7.1,19.0,27.0,27.1,Delivered
187,242,25,3.18,Medium,Clear,13.5,7.2,15.7,33.7,36.4,Delivered
188,4269,258,2.01,High,Rain,10.1,5.7,23.3,37.9,34.4,Delivered
189,4295,34,1.04,Low,Rain,5.8,2.6,19.8,25.7,24.9,Delivered
190,580,317,2.29,Low,Rain,15.4,3.3,19.3,30.2,34.3,Delivered
191,2701,129,2.68,Low,Clear,19.9,5.6,13.6,27.9,23.6,Delivered
192,2609,302,5.49,Low,Rain,5.0,5.3,23.9,49.6,54.2,Delivered
193,660,275,1.14,Medium,Cloudy,3.8,8.7,4.5,18.1,22.2,Delivered
194,3995,234,1.37,Low,Cloudy,21.1,8.0,13.7,24.0,22.7,Delivered
195,4159,155,0.4,Medium,Rain,39.8,10.4,22.0,34.4,41.4,Delivered
196,3276,115,4.41,High,Cloudy,0.5,6.9,19.9,55.8,55.5,Delivered
197,2544,289,3.71,Low,Cloudy,1.4,2.2,17.2,28.7,31.1,Delivered
198,2298,192,0.94,Low,Snow,-1.5,3.6,16.5,23.3,21.1,Delivered
199,3581,75,1.9,Medium,Cloudy,7.2,5.4,16.3,26.3,23.1,Delivered
200,2820,346,6.64,High,Clear,10.8,8.3,18.3,65.4,78.6,Delayed
201,3382,16,9.26,Medium,Clear,12.3,6.0,19.1,53.4,64.3,Delivered
202,3571,340,1.45,Medium,Clear,12.3,7.9,19.4,30.6,35.2,Delivered
203,3438,217,2.2,Medium,Clear,13.2,5.8,22.5,35.7,34.3,Delivered
204,3859,236,2.61,Medium,Cloudy,10.3,6.7,30.8,50.0,46.7,Delivered
205,2475,270,2.6,Low,Clear,16.3,2.7,17.1,25.7,20.8,Delivered
206,1023,27,9.53,High,Cloudy,7.9,7.0,21.4,53.1,56.6,Delivered
207,4232,298,2.07,Medium,Clear,6.2,2.9,12.2,21.1,16.1,Delivered
208,1959,52,1.36,High,Cloudy,12.8,9.1,16.8,36.3,37.5,Delivered
209,3047,283,0.67,High,Rain,1.5,6.6,21.7,33.0,38.1,Delivered
210,1176,110,1.27,Medium,Cloudy,22.9,8.0,13.1,26.5,22.8,Delivered
211,2766,157,9.68,Low,Cloudy,10.8,2.5,16.7,35.8,37.1,Delivered
212,1449,186,4.16,Medium,Cloudy,-4.8,4.6,24.2,38.3,38.3,Delivered
213,206,193,3.8,Medium,Rain,11.6,5.8,11.2,27.6,30.8,Delivered
214,3074,177,2.88,High,Rain,15.2,5.6,17.7,43.9,46.0,Delivered
215,2636,123,2.09,High,Rain,17.9,12.1,22.7,43.3,41.0,Delivered
216,1008,228,1.01,Medium,Clear,9.9,9.0,22.4,33.1,32.4,Delivered
217,1725,345,0.91,Medium,Clear,26.2,4.7,18.0,26.3,35.3,Delivered
218,4259,208,0.4,High,Rain,3.1,7.7,24.6,36.3,35.9,Delivered
219,4360,143,2.56,High,Clear,31.5,7.2,24.1,47.3,44.9,Delivered
220,3004,110,3.57,High,Clear,26.8,7.0,17.0,45.1,54.3,Delivered
221,4164,43,3.88,Medium,Clear,18.5,4.5,16.1,37.4,38.6,Delivered
222,4219,230,2.92,Low,Clear,21.4,12.5,12.7,29.1,33.8,Delivered
223,3403,187,3.24,High,Rain,3.7,8.6,16.1,37.5,38.9,Delivered
224,983,145,0.4,High,Clear,12.5,7.4,21.0,30.8,33.4,Delivered
225,1113,306,3.84,Low,Cloudy,8.6,7.0,12.4,27.2,30.1,Delivered
226,832,86,9.3,High,Clear,13.6,10.9,23.6,82.4,89.0,Delayed
227,3435,331,5.96,Low,Clear,0.6,3.4,13.2,25.3,21.7,Delivered
228,3221,173,2.72,High,Cloudy,5.2,5.9,18.9,38.4,39.0,Cancelled
229,4085,181,3.51,Low,Clear,13.1,5.3,11.8,21.8,18.1,Delivered
230,4090,132,0.96,Medium,Rain,4.9,4.8,19.4,26.4,29.5,Delivered
231,1455,180,2.86,High,Clear,10.5,5.7,23.5,40.1,40.5,Delivered
232,2183,228,3.67,Low,Rain,15.0,2.3,17.8,26.6,21.6,Delivered
233,1488,80,3.12,High,Cloudy,17.7,8.9,29.9,49.0,54.6,Delivered
234,3609,32,3.53,Medium,Rain,11.1,4.9,19.5,40.0,41.5,Delivered
235,1845,343,8.17,High,Cloudy,22.8,5.9,20.7,57.5,66.0,Delivered
236,395,220,3.11,Low,Rain,17.4,2.4,21.1,29.9,24.5,Delivered
237,2219,38,13.31,Low,Clear,16.1,3.0,12.2,66.6,101.2,Delayed
238,1123,223,1.19,High,Clear,15.7,7.2,10.8,25.4,24.9,Delivered
239,2300,250,5.55,Medium,Cloudy,23.9,4.3,12.9,34.1,39.4,Delivered
240,3489,337,0.4,High,Clear,8.5,6.3,17.5,26.5,29.0,Delivered
241,504,60,5.63,High,Clear,4.9,11.3,22.2,48.9,59.8,Delivered
242,3923,169,2.79,Medium,Clear,6.4,6.7,5.5,17.8,26.1,Delivered
243,291,306,12.12,High,Cloudy,13.5,7.8,24.3,85.2,94.2,Delayed
244,3511,145,2.7,High,Rain,6.8,7.2,22.9,41.3,46.1,Delivered
245,2189,44,5.15,Medium,Clear,4.6,3.9,20.9,48.6,44.9,Delivered
246,4278,212,7.08,Low,Rain,29.0,3.7,12.1,28.9,33.0,Delivered
247,4067,216,1.98,Low,Cloudy,20.9,2.5,16.6,24.8,35.0,Delivered
248,1391,293,3.85,Low,Clear,21.0,2.8,16.1,24.4,30.8,Delivered
249,3750,42,3.48,Medium,Cloudy,24.4,4.8,12.5,31.5,30.6,Delivered
250,3698,242,1.75,High,Clear,22.4,9.8,25.6,42.0,43.4,Delivered
251,4289,39,1.39,Medium,Rain,19.9,5.6,20.2,28.7,37.0,Delivered
252,2150,294,5.76,Low,Rain,1.7,7.2,14.7,38.7,35.5,Delivered
253,620,10,0.81,Low,Cloudy,2.6,5.0,9.9,17.1,18.5,Delivered
254,1377,114,8.52,High,Clear,7.7,9.9,18.6,73.1,76.1,Delayed
255,2645,42,3.26,High,Rain,18.6,8.7,22.2,55.5,58.8,Delivered
256,1035,297,0.4,Low,Snow,2.6,2.7,8.6,13.1,15.1,Delivered
257,3656,69,1.33,High,Rain,9.5,6.0,22.8,34.3,37.5,Delivered
258,4076,12,2.3,Low,Cloudy,19.6,2.5,24.9,36.5,36.3,Delivered
259,3881,91,2.35,High,Rain,12.4,9.5,27.5,57.3,64.7,Delivered
260,3982,190,4.36,Medium,Cloudy,21.1,6.6,24.3,45.7,52.5,Delivered
261,4170,118,1.01,High,Rain,5.7,8.7,23.1,38.0,43.2,Delivered
262,969,65,3.22,Low,Clear,15.7,4.5,5.5,14.7,16.2,Delivered
263,3795,176,1.64,Medium,Cloudy,13.0,6.5,16.1,29.5,37.0,Delivered
264,4291,86,2.0,Medium,Cloudy,21.4,3.3,28.3,41.8,41.0,Delivered
265,899,117,4.76,Medium,Clear,7.0,6.0,13.7,27.5,29.2,Delivered
266,2414,182,20.07,Medium,Clear,21.1,4.4,16.5,87.3,93.1,Delayed
267,1693,328,0.75,High,Clear,10.6,7.6,19.3,31.1,34.1,Delivered
268,172,311,0.6,Medium,Clear,9.6,5.4,15.5,21.9,27.1,Delivered
269,3232,251,6.5,High,Clear,9.1,6.7,25.6,55.4,52.1,Delivered
270,627,281,7.93,Medium,Clear,0.5,6.4,12.7,45.8,48.8,Delivered
271,3012,247,2.19,Medium,Clear,22.0,3.0,12.8,19.5,17.5,Delivered
272,661,329,2.53,Low,Clear,1.4,3.6,19.0,31.2,37.5,Delivered
273,4107,49,5.52,High,Rain,19.0,9.6,28.3,82.5,96.4,Delayed
274,737,103,1.31,Medium,Clear,29.1,3.0,27.7,33.0,31.7,Delivered
275,1147,107,1.56,High,Cloudy,26.0,12.1,19.3,41.2,47.2,Delivered
276,724,317,1.71,High,Clear,22.8,7.6,21.0,35.8,51.6,Delivered
277,1921,324,4.97,Medium,Clear,15.4,4.6,25.2,48.7,51.8,Delivered
278,214,51,0.65,Medium,Cloudy,17.9,3.5,29.8,34.7,34.7,Delivered
279,844,66,5.07,Medium,Rain,7.1,4.4,19.4,36.1,39.3,Delivered
280,1588,54,2.36,Low,Clear,25.2,3.6,15.4,22.0,26.4,Delivered
281,3626,1,15.21,Low,Clear,11.6,9.6,18.7,54.9,64.2,Delivered
282,4492,99,1.95,Medium,Rain,2.8,6.7,12.8,27.1,35.0,Delivered
283,3420,122,2.63,High,Clear,10.7,18.0,18.2,46.1,42.7,Delivered
284,601,177,3.68,Low,Rain,4.0,4.1,17.9,37.9,45.0,Delivered
285,2690,134,8.95,High,Cloudy,14.9,8.7,20.9,81.3,89.2,Delayed
286,4482,198,1.21,High,Clear,10.2,4.9,35.6,47.3,48.5,Delivered
287,4401,186,2.81,Medium,Clear,13.6,4.6,14.7,24.6,24.0,Delivered
288,566,278,2.0,Low,Rain,5.2,3.0,14.7,23.6,27.6,Delivered
289,4136,241,4.25,High,Cloudy,11.5,5.9,26.7,57.8,61.0,Delivered
290,2466,290,7.25,High,Cloudy,6.1,7.1,14.3,48.0,57.1,Delivered
291,2,6,2.83,High,Clear,16.4,6.7,27.0,41.7,41.9,Delivered
292,993,64,1.35,Low,Clear,10.9,4.3,23.4,29.4,33.3,Delivered
293,2955,321,6.35,Medium,Clear,27.3,6.4,16.8,40.8,45.3,Delivered
294,4265,129,15.55,Low,Clear,23.4,3.1,26.8,91.0,93.3,Delayed
295,1478,101,10.28,Medium,Clear,17.9,7.2,13.6,45.8,44.5,Delivered
296,541,297,0.58,Low,Clear,16.3,2.6,15.1,19.3,22.5,Delivered
297,3825,153,2.8,High,Rain,19.3,7.7,19.7,50.6,48.2,Delivered
298,410,336,2.69,High,Clear,5.5,10.6,15.1,33.7,36.8,Delivered
299,3956,145,1.21,Low,Cloudy,10.7,2.4,22.7,29.1,29.6,Delivered
300,1867,303,4.44,Low,Cloudy,1.1,2.3,21.5,35.8,74.3,Delivered
301,2994,326,6.13,Medium,Clear,20.5,13.0,15.3,52.2,56.6,Delivered
302,2080,263,5.96,Medium,Cloudy,21.7,16.5,21.2,53.4,61.1,Delivered
303,4167,153,1.63,High,Rain,18.4,9.6,22.1,46.2,51.8,Delivered
304,160,102,1.52,High,Rain,1.1,4.9,23.0,37.1,33.6,Delivered
305,1087,250,0.76,High,Cloudy,11.7,6.4,14.0,24.8,26.7,Delivered
306,2215,163,6.23,Medium,Rain,7.3,6.6,14.5,47.8,54.6,Delivered
307,2308,12,1.31,Medium,Clear,21.0,11.6,23.4,40.5,39.6,Delivered
308,3975,6,0.73,Low,Rain,1.4,2.4,19.7,23.5,23.2,Delivered
309,560,6,1.85,Medium,Clear,15.4,7.1,18.3,28.8,26.8,Delivered
310,970,100,0.55,High,Clear,4.2,11.3,21.1,37.2,44.9,Delivered
311,807,10,5.07,High,Cloudy,6.7,16.5,23.8,64.7,64.4,Delivered
312,2419,65,2.64,High,Rain,10.4,5.4,12.2,27.1,26.3,Delivered
313,4298,176,2.11,High,Cloudy,18.1,8.4,19.8,42.3,41.3,Delivered
314,1359,237,0.49,Medium,Cloudy,3.5,3.4,17.4,23.0,26.8,Delivered
315,1156,189,0.4,Medium,Rain,14.8,6.5,29.4,37.7,36.9,Delivered
316,4325,276,3.17,High,Clear,27.3,7.6,15.7,32.1,29.8,Delivered
317,3911,118,2.82,Medium,Clear,7.4,3.3,25.1,36.9,36.4,Delivered
318,2366,218,3.23,High,Clear,18.7,6.2,20.2,37.0,38.8,Delivered
319,2217,28,1.1,Low,Rain,26.2,3.2,21.6,26.6,25.8,Delivered
320,3681,260,0.64,High,Clear,12.3,12.4,10.7,25.0,25.2,Delivered
321,3949,282,4.11,Medium,Cloudy,10.9,5.6,18.3,31.4,24.9,Delivered
322,4095,137,1.58,High,Clear,27.3,6.2,22.3,35.2,40.9,Delivered
323,1093,153,0.65,Low,Clear,20.0,3.2,13.4,19.0,20.7,Delivered
324,3462,271,3.16,Medium,Clear,3.1,4.2,14.6,28.6,30.0,Delivered
325,3084,210,1.78,High,Clear,17.1,7.2,16.8,30.3,25.0,Delivered
326,937,165,3.22,High,Cloudy,3.6,5.5,18.4,38.3,40.0,Delivered
327,1071,210,5.21,Low,Rain,10.8,3.8,13.8,30.2,28.5,Delivered
328,952,62,0.99,High,Rain,10.3,5.9,8.0,18.7,16.3,Cancelled
329,927,338,5.24,High,Clear,17.7,10.3,19.0,52.1,56.6,Delivered
330,2233,131,2.36,Low,Clear,3.6,2.4,12.8,19.1,24.9,Delivered
331,1258,42,1.17,High,Cloudy,22.9,8.3,21.6,37.5,47.7,Delivered
332,4392,228,2.53,Medium,Rain,3.2,4.8,21.3,31.7,37.7,Delivered
333,3564,100,28.0,Medium,Cloudy,12.7,5.3,17.8,160.4,130.0,Delayed
334,597,192,3.09,Medium,Clear,10.3,9.0,13.8,31.1,39.3,Delivered
335,2721,42,6.87,High,Clear,7.2,8.1,20.8,66.9,79.1,Delayed
336,2309,16,15.52,Low,Rain,12.3,3.2,18.2,76.5,83.0,Delayed
337,515,155,3.41,Low,Clear,17.3,2.3,22.4,35.2,28.1,Delivered
338,2849,208,11.73,Medium,Clear,10.8,8.5,11.6,44.7,43.6,Delivered
339,1801,349,4.13,High,Clear,8.4,7.6,18.9,46.9,41.5,Delivered
340,3601,132,6.73,Medium,Cloudy,13.0,3.4,5.3,21.4,20.7,Delivered
341,4481,50,1.88,Medium,Cloudy,10.7,6.3,19.9,30.6,31.4,Delivered
342,2151,142,2.84,High,Rain,10.6,6.5,21.1,46.3,42.9,Cancelled
343,840,269,7.67,Low,Cloudy,9.6,2.1,12.2,29.4,35.1,Delivered
344,1712,233,1.49,Low,Cloudy,14.8,3.6,16.9,23.5,25.6,Delivered
345,3129,215,5.98,High,Rain,29.1,5.3,18.8,59.5,55.2,Delivered
346,1294,53,4.09,Low,Cloudy,11.0,2.3,17.8,29.1,31.1,Delivered
347,2680,15,5.04,High,Clear,5.0,9.1,24.5,49.1,44.6,Delivered
348,1040,264,1.36,High,Cloudy,10.9,6.2,28.3,42.2,54.8,Delivered
349,3175,339,1.61,High,Clear,5.8,10.0,18.2,33.7,29.7,Delivered
350,3137,80,3.4,High,Rain,28.2,8.5,22.7,43.6,71.2,Delivered
351,2576,188,3.06,High,Rain,-2.4,6.3,18.8,43.0,44.9,Delivered
352,1049,270,3.5,Low,Cloudy,26.4,2.7,14.5,25.6,27.0,Delivered
353,4355,166,0.94,Medium,Rain,13.6,6.3,13.0,22.0,20.5,Delivered
354,1980,65,1.7,High,Clear,19.3,6.6,20.4,31.7,28.0,Delivered
355,2374,46,1.38,Medium,Clear,11.0,6.5,18.4,27.0,27.6,Delivered
356,2223,130,1.58,Low,Rain,14.9,2.3,18.8,27.1,25.1,Delivered
357,2105,198,4.39,High,Cloudy,7.7,6.8,13.4,40.4,39.9,Delivered
358,217,42,3.72,High,Cloudy,16.0,5.9,16.7,44.7,56.1,Delivered
359,2311,331,1.89,High,Clear,10.4,9.4,10.3,26.2,26.3,Delivered
360,124,31,9.12,Low,Clear,12.1,2.1,19.6,34.7,34.6,Delivered
361,297,172,4.84,High,Rain,8.7,7.5,30.5,71.4,78.4,Delayed
362,3908,87,0.4,Medium,Rain,23.1,7.4,20.5,29.9,33.5,Delivered
363,375,10,10.11,Low,Rain,13.5,2.4,10.5,50.4,55.7,Delivered
364,183,127,0.71,Medium,Cloudy,16.7,7.9,15.4,24.8,24.3,Delivered
365,2634,273,2.98,Low,Clear,5.0,3.5,17.8,27.7,27.0,Delivered
366,3448,274,8.94,Medium,Clear,19.5,10.8,16.7,70.8,73.9,Delivered
367,2326,8,3.98,Low,Clear,23.4,2.6,15.7,24.5,19.7,Delivered
368,1510,205,3.18,Medium,Cloudy,8.6,5.5,22.8,34.2,29.3,Delivered
369,996,36,0.61,High,Rain,10.0,6.2,15.6,23.9,29.0,Delivered
370,1579,205,7.33,Low,Clear,16.2,2.7,16.8,30.3,32.1,Delivered
371,3233,190,1.24,High,Clear,19.4,6.1,21.4,33.1,32.2,Delivered
372,1989,339,5.32,High,Clear,25.1,9.8,21.1,48.1,54.1,Delivered
373,384,289,0.86,High,Clear,9.5,7.9,27.1,39.5,46.5,Delivered
374,1787,105,3.18,Medium,Rain,16.6,6.1,11.1,27.1,30.5,Delivered
375,2488,250,0.4,High,Clear,18.8,6.9,17.8,28.0,36.0,Delivered
376,2026,37,1.84,Low,Rain,11.0,3.1,11.4,22.0,24.0,Delivered
377,3106,321,9.22,High,Clear,18.3,13.5,13.3,62.4,69.4,Delivered
378,1408,334,2.44,Medium,Cloudy,10.8,4.9,17.9,27.2,26.7,Delivered
379,744,46,1.41,Low,Rain,10.9,4.5,18.7,25.5,31.1,Delivered
380,2556,176,28.0,Medium,Clear,20.7,5.1,9.6,179.4,130.0,Delayed
381,4148,47,0.4,High,Cloudy,4.4,6.1,15.9,23.3,24.3,Delivered
382,1077,205,1.6,Low,Clear,24.8,3.1,20.5,25.9,24.6,Delivered
383,2965,175,18.86,Low,Clear,25.2,2.5,24.5,67.4,72.4,Delivered
384,1427,109,2.14,High,Clear,12.6,9.6,25.4,48.2,50.5,Delivered
385,705,13,5.72,High,Clear,18.1,6.3,18.6,46.3,51.7,Delivered
386,1227,347,0.57,High,Clear,16.1,7.6,22.3,31.9,48.4,Delivered
387,1769,57,2.74,Medium,Rain,12.3,3.0,14.7,23.9,25.0,Delivered
388,4425,205,0.96,Low,Rain,9.2,2.2,17.4,21.4,24.3,Delivered
389,362,36,3.33,Medium,Clear,5.7,9.6,20.8,36.1,33.8,Delivered
390,29,284,3.07,High,Cloudy,27.2,10.0,14.6,37.0,39.8,Delivered
391,1818,7,4.18,Low,Rain,5.0,5.0,9.3,26.1,66.9,Delivered
392,1343,334,3.66,High,Clear,12.7,10.1,17.5,37.2,28.6,Delivered
393,1826,236,1.57,Low,Clear,2.2,3.2,13.3,22.3,22.3,Delivered
394,246,171,0.4,High,Cloudy,13.7,9.3,31.8,44.1,78.1,Delayed
395,1297,250,4.27,Medium,Clear,21.5,7.3,8.9,28.4,36.0,Delivered
396,51,21,7.32,Medium,Clear,25.1,6.7,15.1,41.7,41.2,Delivered
397,2841,197,0.98,Low,Clear,4.1,2.7,14.6,18.8,18.3,Delivered
398,4195,278,3.47,Medium,Cloudy,20.2,6.8,23.4,42.9,49.9,Delivered
399,3840,252,0.72,Medium,Clear,22.3,4.7,24.6,33.7,30.3,Delivered
400,4023,233,2.78,Low,Clear,5.2,4.8,6.7,15.0,12.5,Delivered
401,421,97,21.69,High,Clear,8.1,6.8,25.8,146.3,130.0,Delayed
402,823,11,3.46,Medium,Clear,13.8,4.5,23.9,34.9,35.3,Delivered
403,3685,312,0.9,Medium,Rain,11.7,4.8,26.3,33.0,32.1,Delivered
404,1511,273,1.04,Medium,Cloudy,18.0,6.0,24.6,33.5,31.6,Delivered
405,3894,289,4.38,Low,Rain,2.2,2.7,26.4,42.7,38.2,Delivered
406,4281,313,8.14,High,Cloudy,16.0,6.7,13.9,53.8,54.4,Delivered
407,1890,283,3.02,Low,Cloudy,1.7,3.4,15.2,22.5,21.2,Delivered
408,1599,89,1.05,Medium,Cloudy,1.0,5.5,10.2,19.0,27.2,Delivered
409,256,100,2.16,Low,Clear,11.4,2.8,14.5,22.8,18.4,Delivered
410,1137,225,6.1,Medium,Rain,23.2,5.2,9.6,34.2,30.1,Delivered
411,2884,49,4.08,High,Clear,11.7,8.9,30.7,65.7,69.2,Delivered
412,2355,250,2.87,High,Cloudy,20.4,5.0,12.1,28.5,29.9,Delivered
413,2158,50,3.37,Low,Clear,12.3,2.0,13.9,21.9,21.0,Delivered
414,4250,75,3.06,Medium,Rain,5.0,11.5,17.6,38.4,39.1,Delivered
415,344,305,1.07,Low,Clear,27.5,2.2,14.4,19.9,27.5,Delivered
416,1281,269,10.72,Low,Rain,-0.0,2.4,18.3,48.3,46.4,Delivered
417,3632,282,0.45,High,Cloudy,9.8,7.5,31.4,42.5,44.0,Delivered
418,1387,293,4.37,High,Clear,18.5,13.0,19.5,44.2,51.9,Delivered
419,3302,236,1.67,High,Clear,17.9,8.4,28.7,47.2,56.1,Delivered
420,2004,282,2.8,Low,Clear,24.9,3.2,15.4,22.5,24.4,Delivered
421,3745,198,16.11,High,Snow,-5.5,12.5,21.3,174.4,130.0,Delayed
422,2515,50,2.12,Low,Cloudy,14.2,3.9,19.0,26.9,30.8,Delivered
423,1360,223,5.44,Medium,Cloudy,22.3,3.5,18.6,43.4,49.6,Delivered
424,4154,314,5.11,Medium,Cloudy,16.0,6.3,18.2,35.9,39.8,Delivered
425,1626,179,1.3,High,Cloudy,8.2,5.1,13.8,23.9,22.5,Delivered
426,1311,182,1.15,Low,Cloudy,15.0,6.3,16.3,25.1,23.6,Delivered
427,2115,304,1.7,Medium,Cloudy,7.3,3.7,21.4,28.3,32.8,Delivered
428,386,252,2.86,Medium,Cloudy,10.6,4.9,10.2,26.0,29.1,Delivered
429,3815,134,1.08,High,Snow,-0.5,11.8,17.3,37.5,43.4,Delivered
430,1353,216,1.34,Low,Clear,23.0,5.3,26.6,37.4,38.5,Delivered
431,1797,32,2.01,High,Rain,4.6,9.7,22.6,45.8,51.1,Delivered
432,2284,340,1.53,Low,Snow,-0.6,4.9,15.2,24.6,21.1,Delivered
433,4236,205,3.27,Low,Cloudy,14.8,2.0,21.5,28.3,35.9,Delivered
434,3284,95,2.91,Low,Cloudy,27.5,2.9,22.6,29.5,38.1,Delivered
435,2231,329,2.15,Medium,Clear,11.8,4.4,24.8,38.3,39.3,Delivered
436,2525,123,1.86,High,Cloudy,5.2,7.3,23.8,39.5,34.5,Delivered
437,2958,242,0.62,High,Clear,16.7,7.2,26.4,37.9,46.5,Delivered
438,3026,130,1.08,High,Rain,2.2,5.4,22.3,34.5,44.6,Delivered
439,2009,53,0.69,Medium,Clear,16.3,3.5,8.2,13.5,12.7,Delivered
440,699,57,3.62,Medium,Cloudy,6.1,3.5,26.9,37.0,36.2,Delivered
441,1817,287,2.79,High,Rain,-1.1,7.8,20.1,41.4,43.9,Delivered
442,2814,93,0.4,Medium,Clear,2.1,4.9,9.0,16.2,16.3,Delivered
443,2484,104,6.0,Low,Rain,10.6,4.2,12.7,28.0,34.3,Delivered
444,2553,282,1.21,High,Clear,4.4,7.5,34.2,47.2,52.2,Delivered
445,3116,17,0.4,High,Rain,11.5,11.3,20.5,33.7,32.8,Delivered
446,1830,73,3.33,High,Cloudy,13.1,7.7,15.8,41.0,43.9,Delivered
447,1911,257,0.61,High,Rain,14.7,8.4,14.7,25.8,27.5,Delivered
448,2555,339,1.38,Medium,Cloudy,26.9,3.2,20.4,26.1,24.6,Delivered
449,1747,326,1.27,Low,Clear,12.1,4.8,20.5,29.2,31.6,Delivered
450,1859,172,3.1,Low,Clear,24.5,7.9,13.8,30.8,32.3,Delivered
451,2622,118,5.37,Low,Rain,12.7,3.9,12.9,33.7,40.6,Delivered
452,1476,198,1.92,Medium,Clear,14.6,4.2,21.6,32.2,36.3,Delivered
453,1592,208,1.34,High,Cloudy,4.9,9.7,28.3,43.8,44.1,Delivered
454,626,188,0.86,High,Cloudy,9.8,5.5,15.0,24.1,24.6,Delivered
455,2665,13,3.39,High,Clear,-0.6,8.4,25.2,47.3,46.4,Delivered
456,3618,198,3.13,High,Clear,3.0,10.0,24.4,50.8,64.3,Delivered
457,3430,234,2.47,Medium,Rain,0.4,7.2,15.3,28.8,32.6,Delivered
458,4255,126,3.21,High,Cloudy,19.5,8.9,22.2,41.5,56.6,Delivered
459,438,32,6.87,Medium,Clear,7.5,5.0,14.2,43.4,45.0,Delivered
460,3144,134,6.73,Low,Cloudy,20.2,4.8,19.5,45.7,40.8,Delivered
461,4460,231,1.21,Medium,Clear,-0.3,5.5,26.5,36.4,37.3,Delivered
462,2303,95,5.25,Low,Cloudy,14.4,3.1,18.0,28.4,29.5,Delivered
463,1589,343,5.1,Low,Clear,1.7,2.1,15.1,26.3,31.2,Delivered
464,894,225,1.83,Medium,Cloudy,12.9,5.3,15.9,25.8,30.8,Delivered
465,175,341,4.54,Low,Cloudy,21.6,6.0,13.6,25.6,20.6,Delivered
466,2904,140,2.76,High,Clear,19.3,7.2,20.2,45.4,49.8,Delivered
467,241,114,3.27,High,Clear,11.8,10.3,20.5,49.3,55.4,Delivered
468,1216,12,6.96,High,Cloudy,8.1,10.6,31.6,86.9,94.7,Delayed
469,1491,258,1.46,High,Rain,5.5,6.0,25.0,38.7,34.7,Delivered
470,1068,18,2.45,Low,Cloudy,5.0,7.7,9.0,21.6,18.5,Delivered
471,259,118,7.83,High,Clear,10.8,11.9,12.5,58.3,98.0,Delayed
472,2755,160,12.84,High,Clear,17.0,9.5,15.8,78.3,87.7,Delayed
473,2206,129,3.81,Low,Cloudy,4.0,2.8,24.0,39.8,37.0,Delivered
474,855,157,2.81,Low,Cloudy,4.3,4.1,19.5,28.0,26.0,Delivered
475,2945,48,4.85,High,Snow,-4.6,12.3,21.1,55.0,57.8,Delivered
476,1235,291,2.62,High,Cloudy,20.6,7.3,22.6,38.8,33.4,Delivered
477,3680,205,6.25,High,Clear,27.1,7.6,25.6,50.3,50.5,Delivered
478,2633,98,0.93,Medium,Rain,19.7,3.5,11.2,17.2,19.1,Delivered
479,2587,184,2.49,High,Rain,11.9,6.2,20.6,39.6,36.6,Delivered
480,2644,17,0.86,Low,Clear,10.4,5.3,20.6,27.8,26.9,Delivered
481,22,198,0.8,High,Cloudy,5.0,7.8,17.3,30.1,29.2,Delivered
482,3758,54,1.18,Low,Clear,20.7,2.6,18.6,22.7,25.7,Delivered
483,4040,125,1.94,Medium,Rain,24.3,6.9,13.1,26.6,21.0,Delivered
484,1250,292,7.32,Low,Rain,10.2,3.7,19.4,37.5,36.6,Delivered
485,1704,108,0.4,Medium,Clear,11.1,6.4,16.9,24.3,31.3,Delivered
486,4266,42,1.85,High,Clear,13.2,9.7,22.1,43.5,51.7,Delivered
487,2875,182,2.23,Low,Clear,22.7,9.4,16.2,30.1,35.3,Delivered
488,940,122,2.06,Low,Rain,15.7,3.6,22.8,31.7,38.4,Delivered
489,2211,308,1.95,High,Cloudy,2.6,10.6,25.2,46.2,44.3,Delivered
490,1748,270,13.27,Medium,Cloudy,18.0,5.5,16.3,68.1,79.0,Delayed
491,4467,167,1.54,High,Cloudy,22.6,5.5,20.9,33.1,27.4,Delivered
492,4408,45,0.96,Low,Cloudy,15.7,2.2,22.5,26.5,25.7,Delivered
493,499,253,0.77,Low,Rain,21.0,5.2,22.3,28.9,31.9,Delivered
494,2182,36,3.1,Low,Rain,18.9,8.6,15.9,30.0,31.5,Delivered
495,1945,253,1.34,High,Clear,22.4,7.2,22.0,35.6,39.8,Delivered
496,1657,179,14.16,Low,Cloudy,1.7,3.4,20.3,62.4,62.3,Delivered
497,131,172,2.2,Low,Cloudy,9.5,2.7,9.7,19.2,13.4,Delivered
498,2069,82,3.35,Medium,Snow,-3.5,4.5,17.2,38.5,42.1,Delivered
499,3939,205,2.24,Low,Clear,29.8,6.0,22.8,32.0,36.8,Delivered
500,3045,28,1.93,Low,Clear,19.3,4.2,21.5,28.2,28.9,Delivered
501,954,314,3.5,High,Rain,15.9,5.4,18.0,36.6,39.1,Delivered
502,1606,14,4.36,High,Rain,9.1,10.3,18.9,51.3,57.5,Delivered
503,1025,12,4.89,Low,Rain,5.4,2.4,20.4,44.1,42.6,Delivered
504,284,171,17.16,High,Clear,10.7,7.6,24.2,133.3,130.0,Delayed
505,2809,170,2.51,High,Cloudy,11.3,10.8,20.2,42.7,40.7,Delivered
506,468,44,8.6,High,Rain,4.3,10.1,24.4,109.4,124.2,Delayed
507,624,4,3.49,High,Cloudy,14.8,8.4,16.2,43.3,36.4,Delivered
508,3548,151,3.25,Low,Cloudy,4.8,3.6,21.4,36.9,37.0,Delivered
509,903,323,1.68,High,Clear,12.2,5.2,27.2,40.7,49.4,Delivered
510,1451,260,1.98,Low,Cloudy,17.7,8.9,15.6,27.7,30.1,Delivered
511,340,234,2.98,Low,Cloudy,20.8,2.1,14.2,21.2,17.3,Delivered
512,1170,36,2.12,Low,Cloudy,23.3,2.5,20.5,26.0,28.3,Delivered
513,1700,122,1.92,High,Clear,14.1,6.7,23.3,38.9,45.0,Delivered
514,2083,194,1.18,Low,Clear,16.5,3.9,15.3,20.5,58.6,Delivered
515,9,218,1.53,High,Cloudy,23.3,8.2,18.9,32.4,35.5,Delivered
516,820,141,4.4,Medium,Cloudy,16.3,3.1,10.8,22.2,17.5,Delivered
517,2045,55,0.4,Medium,Clear,7.7,4.7,25.1,33.7,33.1,Delivered
518,1957,61,0.89,Medium,Rain,0.5,5.0,20.9,30.0,59.8,Delivered
519,3824,156,1.15,High,Clear,25.5,9.8,17.7,34.1,35.5,Delivered
520,1481,281,2.27,High,Clear,7.4,5.7,17.2,34.6,35.8,Delivered
521,3799,149,1.22,Medium,Clear,13.1,4.4,16.8,23.6,22.2,Delivered
522,3389,106,2.68,Low,Clear,3.8,2.9,18.6,25.3,32.0,Delivered
523,479,30,3.09,High,Clear,-4.2,8.6,24.1,49.1,54.0,Delivered
524,4319,19,0.75,Medium,Cloudy,14.0,6.5,19.1,27.0,31.6,Delivered
525,496,170,1.02,High,Rain,-0.2,9.3,25.2,42.0,35.5,Delivered
526,4384,194,3.1,Low,Rain,13.3,8.6,12.3,25.5,30.2,Delivered
527,2450,105,1.15,High,Clear,16.4,8.1,17.6,31.2,27.9,Delivered
528,218,268,4.12,Low,Clear,22.4,4.5,17.8,28.4,27.8,Delivered
529,1070,71,6.18,Low,Cloudy,1.9,3.8,21.9,36.5,73.1,Delivered
530,1987,82,9.19,Medium,Cloudy,13.3,4.5,18.6,55.9,68.5,Delivered
531,2238,266,6.42,Low,Clear,13.0,4.2,15.0,33.0,42.7,Delivered
532,1448,158,1.76,High,Clear,11.9,11.1,32.7,51.1,53.6,Delivered
533,4440,190,5.18,High,Rain,5.3,8.6,20.1,55.7,62.7,Delivered
534,225,340,2.02,Low,Clear,4.4,8.0,29.6,43.5,43.4,Delivered
535,569,186,3.96,Medium,Cloudy,-8.7,4.3,12.8,24.9,25.9,Delivered
536,1171,290,2.49,Low,Clear,10.4,4.1,23.2,31.7,32.1,Delivered
537,1800,57,2.36,Medium,Clear,10.7,5.2,13.8,23.1,25.0,Delivered
538,3910,54,3.3,High,Rain,29.6,12.1,22.0,44.3,43.0,Delivered
539,3747,141,9.55,Medium,Cloudy,11.5,8.5,22.3,50.4,54.8,Delivered
540,4091,137,2.09,High,Clear,11.4,6.2,22.6,36.8,41.1,Delivered
541,1983,339,1.64,Low,Clear,11.2,4.8,23.9,31.0,29.7,Delivered
542,2832,17,4.41,Medium,Cloudy,16.0,3.9,14.3,30.8,31.7,Delivered
543,3542,32,6.85,High,Rain,0.0,8.7,28.1,78.1,80.4,Delayed
544,1312,315,7.26,High,Clear,17.2,6.5,17.7,51.3,63.5,Delivered
545,790,170,1.13,High,Rain,-5.7,7.6,35.6,50.9,59.7,Delivered
546,4357,131,2.57,Low,Clear,10.0,4.6,18.4,27.2,32.1,Delivered
547,1094,289,6.68,High,Clear,20.8,9.1,9.5,48.2,51.2,Delivered
548,4083,119,4.05,High,Cloudy,-14.5,8.2,16.7,36.5,47.2,Delivered
549,1064,230,1.66,High,Cloudy,11.1,9.3,32.5,48.5,49.6,Delivered
550,3107,72,3.12,Medium,Clear,13.0,5.5,13.2,27.5,25.3,Delivered
551,1252,175,0.66,Low,Clear,8.2,2.9,26.4,30.4,40.7,Delivered
552,3271,257,6.5,High,Rain,30.4,5.7,18.4,56.9,66.0,Delivered
553,1540,117,2.97,Low,Cloudy,24.9,2.3,8.2,14.6,11.5,Delivered
554,1421,267,0.97,Medium,Rain,12.0,6.0,13.4,22.2,20.8,Delivered
555,380,153,0.8,High,Clear,29.3,6.0,14.3,25.1,29.2,Delivered
556,3120,209,6.82,Medium,Rain,2.8,4.7,23.3,44.9,47.7,Delivered
557,1502,216,4.9,High,Cloudy,17.0,7.4,21.6,53.6,57.2,Delivered
558,3865,315,2.09,High,Clear,23.4,10.5,29.3,48.5,58.1,Delivered
559,125,322,1.41,High,Clear,9.6,6.4,18.7,32.6,32.7,Delivered
560,3424,326,2.55,High,Cloudy,15.9,7.7,26.3,47.5,46.9,Delivered
561,1744,130,2.75,High,Clear,27.5,7.9,15.1,36.2,50.3,Delivered
562,2397,261,2.48,Medium,Clear,27.2,5.9,18.6,31.3,34.2,Delivered
563,3069,22,0.55,High,Cloudy,17.7,9.1,16.4,27.5,30.0,Delivered
564,4385,153,6.31,Medium,Cloudy,17.3,6.9,13.8,51.7,62.1,Delivered
565,1642,91,1.63,Medium,Clear,12.3,4.1,17.5,29.2,32.7,Delivered
566,208,130,0.88,High,Clear,15.1,5.7,23.2,33.1,39.6,Delivered
567,143,340,1.28,High,Rain,4.8,5.4,28.8,42.6,39.6,Delivered
568,2338,177,3.55,Medium,Clear,27.3,5.0,20.2,40.0,43.9,Delivered
569,1117,56,1.66,Low,Clear,9.9,3.5,15.5,24.7,24.6,Delivered
570,2209,32,1.52,High,Cloudy,17.1,6.9,26.9,42.2,46.5,Delivered
571,3702,86,1.73,Medium,Rain,12.1,4.0,17.8,29.6,22.8,Delivered
572,3634,266,10.62,High,Rain,26.2,12.4,9.7,75.2,74.7,Delivered
573,2724,347,1.99,High,Snow,-1.9,9.0,23.6,43.8,44.8,Delivered
574,3065,177,4.01,Medium,Rain,11.4,3.6,17.7,43.0,48.8,Delivered
575,2632,262,4.94,High,Rain,13.7,8.2,23.6,63.7,64.0,Delivered
576,4308,309,1.98,Medium,Clear,6.7,5.7,17.1,28.9,29.6,Delivered
577,2779,210,2.52,High,Rain,5.3,8.8,14.4,34.7,37.6,Delivered
578,3229,125,5.9,Medium,Rain,4.5,6.0,18.3,47.7,52.3,Delivered
579,3351,99,1.53,Medium,Cloudy,7.7,10.3,23.2,40.8,48.6,Delivered
580,3376,233,4.59,High,Rain,17.2,8.0,8.9,31.3,38.0,Delivered
581,4066,171,3.45,High,Clear,10.2,8.2,27.0,53.2,52.3,Delivered
582,441,207,4.38,High,Clear,22.9,7.3,17.0,48.7,52.9,Delivered
583,1122,340,0.52,Medium,Rain,15.9,4.6,16.2,22.4,21.8,Delivered
584,4093,191,3.72,Medium,Clear,20.8,10.0,20.6,39.1,45.8,Delivered
585,393,90,2.26,Low,Clear,26.0,7.8,19.6,30.5,34.9,Delivered
586,2030,210,0.73,Medium,Clear,22.6,5.0,17.0,23.7,42.0,Delivered
587,1053,342,1.06,High,Cloudy,15.2,8.4,19.0,30.4,37.0,Delivered
588,1255,330,1.99,Medium,Cloudy,2.6,11.8,11.1,27.5,23.9,Delivered
589,2563,250,3.3,Medium,Clear,16.7,5.9,8.7,24.1,23.1,Delivered
590,2031,209,0.4,High,Rain,16.7,5.8,29.4,37.8,36.2,Delivered
591,1788,28,1.38,High,Cloudy,19.1,6.6,23.6,33.7,32.1,Delivered
592,4485,180,1.52,Medium,Cloudy,20.9,5.1,18.3,26.3,24.4,Delivered
593,3540,219,5.61,Medium,Cloudy,16.2,4.9,20.1,37.6,41.2,Delivered
594,3488,22,15.26,High,Cloudy,-1.1,6.2,17.9,92.3,92.2,Delayed
595,1426,8,0.85,Medium,Cloudy,7.9,4.1,9.5,17.2,17.2,Delivered
596,71,118,10.5,Low,Snow,-2.8,3.3,15.6,63.7,73.9,Delivered
597,1214,198,2.15,Medium,Snow,-9.5,7.4,16.7,37.4,41.3,Delivered
598,461,278,1.21,Medium,Cloudy,20.3,2.9,27.4,33.9,44.3,Delivered
599,833,215,3.71,High,Clear,26.7,9.0,30.8,58.1,66.5,Delivered
600,1095,82,3.32,High,Rain,2.0,10.0,26.0,55.0,62.8,Delivered
601,3174,308,4.27,High,Cloudy,17.4,5.3,10.9,35.6,35.3,Delivered
602,466,195,4.59,High,Clear,18.9,8.0,17.4,40.7,41.1,Delivered
603,1537,125,3.91,Medium,Clear,26.9,6.7,17.8,34.8,38.3,Delivered
604,2741,86,3.13,High,Snow,-1.6,6.7,17.3,46.9,47.2,Delivered
605,2869,153,1.09,Medium,Rain,9.1,4.2,11.5,22.2,22.9,Delivered
606,1771,170,3.25,High,Clear,20.2,8.9,30.6,52.6,60.5,Delivered
607,1409,246,13.37,High,Rain,13.7,8.5,22.5,75.5,82.7,Delayed
608,2564,113,1.31,Medium,Cloudy,18.7,6.6,18.2,27.8,25.8,Delivered
609,319,300,1.39,Low,Cloudy,8.4,3.9,27.2,33.6,37.0,Delivered
610,412,42,1.07,Low,Clear,27.0,4.8,9.5,17.6,16.1,Delivered
611,244,2,20.99,High,Clear,8.0,9.8,12.4,90.6,95.9,Delayed
612,2993,33,7.93,High,Rain,10.3,5.1,11.5,44.9,59.0,Delivered
613,2407,142,4.47,High,Cloudy,13.5,9.3,19.4,52.1,57.8,Delivered
614,1616,104,2.12,Medium,Clear,9.0,7.5,15.0,26.2,36.1,Delivered
615,4158,287,4.59,High,Rain,0.6,7.8,8.5,36.4,37.7,Delivered
616,1891,74,4.43,High,Clear,12.0,5.7,18.8,52.9,55.6,Delivered
617,4205,104,1.33,High,Clear,12.7,5.2,10.6,22.1,23.1,Delivered
618,2503,325,0.85,High,Rain,17.8,7.7,8.1,21.9,22.2,Delivered
619,350,194,0.6,Low,Cloudy,20.7,2.2,22.0,24.9,25.2,Delivered
620,389,252,1.16,High,Rain,9.7,8.9,6.7,22.8,19.2,Delivered
621,240,269,2.5,High,Cloudy,18.5,8.6,15.1,32.6,37.8,Delivered
622,3143,49,4.08,Medium,Cloudy,16.8,4.7,15.2,39.0,41.5,Delivered
623,3927,154,2.37,Medium,Cloudy,5.6,10.3,25.9,47.0,54.4,Delivered
624,1570,97,4.33,Medium,Clear,3.8,3.6,12.0,28.3,31.2,Delivered
625,1473,248,1.48,Medium,Rain,25.0,4.5,14.3,23.4,35.4,Delivered
626,334,115,3.25,Low,Clear,17.6,2.3,19.8,34.4,36.5,Delivered
627,1549,331,18.66,High,Snow,-2.9,5.8,20.9,130.6,130.0,Delayed
628,2453,268,8.69,Low,Cloudy,9.7,2.6,23.8,40.8,48.3,Delivered
629,805,79,18.93,High,Cloudy,9.7,6.2,10.1,113.2,120.6,Delayed
630,1600,302,8.68,Low,Clear,11.6,3.4,15.4,45.1,43.4,Delivered
631,1986,3,7.51,High,Cloudy,5.6,7.0,21.8,54.1,52.4,Delivered
632,332,327,1.02,Medium,Clear,20.2,3.7,15.9,21.4,20.6,Delivered
633,3147,230,2.47,Medium,Rain,7.1,5.7,17.2,28.3,27.6,Delivered
634,1139,253,15.31,Low,Rain,15.5,3.4,26.7,63.5,68.3,Delivered
635,2403,274,0.44,Medium,Rain,8.9,3.3,13.7,19.6,27.1,Delivered
636,2070,252,1.18,Medium,Clear,12.2,4.9,8.4,17.6,14.3,Delivered
637,2713,63,0.4,Low,Rain,25.5,5.9,19.6,26.3,26.5,Delivered
638,4108,342,4.21,Low,Clear,17.3,3.2,20.4,29.7,27.8,Delivered
639,3353,198,0.4,High,Cloudy,3.9,8.3,18.9,30.4,28.2,Delivered
640,1183,254,5.19,Medium,Clear,15.9,5.9,22.5,41.1,35.8,Delivered
641,2257,28,3.23,Low,Rain,19.0,2.1,21.2,28.7,27.8,Delivered
642,1903,132,0.77,High,Cloudy,16.0,11.3,14.3,27.7,29.0,Delivered
643,2015,237,5.08,High,Cloudy,-4.5,6.1,21.3,57.9,61.0,Delivered
644,4280,36,3.73,High,Cloudy,16.4,6.0,21.1,37.3,35.9,Delivered
645,1870,241,4.41,High,Clear,14.6,14.1,17.9,55.4,59.3,Delivered
646,687,313,2.38,Low,Cloudy,11.0,4.3,21.5,33.1,27.7,Delivered
647,1548,141,2.72,High,Clear,21.9,8.2,29.1,46.2,51.8,Delivered
648,2893,19,1.55,High,Clear,13.2,6.7,16.1,27.1,27.6,Delivered
649,2803,302,1.73,Medium,Rain,28.5,5.3,14.9,28.1,30.7,Delivered
650,4271,314,1.46,Medium,Cloudy,20.4,5.6,19.4,27.9,28.6,Delivered
651,2668,57,0.88,Medium,Clear,11.9,5.4,6.2,13.1,12.6,Delivered
652,2748,100,10.51,Medium,Clear,6.1,4.5,8.5,50.0,52.2,Delivered
653,3014,173,0.56,High,Rain,20.9,10.5,14.9,30.3,38.7,Delivered
654,999,97,8.72,High,Clear,20.9,6.8,20.1,65.9,75.4,Delayed
655,4237,251,13.37,Low,Rain,20.2,2.9,21.5,61.3,64.5,Delivered
656,2812,200,21.66,Medium,Clear,31.0,4.9,16.7,73.3,82.7,Delayed
657,4036,101,1.96,Medium,Clear,32.3,7.7,12.1,24.1,29.2,Delivered
658,3539,90,2.77,Low,Cloudy,14.0,8.0,23.6,35.6,42.3,Delivered
659,2446,256,1.1,High,Clear,12.1,8.2,18.5,29.5,33.5,Delivered
660,3713,118,3.05,Medium,Cloudy,22.9,4.7,14.8,29.1,36.9,Delivered
661,3711,164,0.94,Low,Rain,13.5,2.8,16.7,22.0,22.7,Delivered
662,4329,334,0.83,Medium,Clear,9.6,4.0,20.7,26.1,30.6,Delivered
663,867,68,4.36,Low,Clear,4.6,3.6,18.6,28.8,25.0,Cancelled
664,2162,123,1.47,High,Rain,5.7,7.3,19.9,36.0,43.0,Delivered
665,752,303,1.6,Medium,Cloudy,19.6,5.6,20.6,31.6,33.2,Delivered
666,1535,173,0.4,High,Clear,17.3,7.9,18.9,30.3,35.1,Delivered
667,281,252,3.02,Medium,Clear,29.8,6.6,24.3,43.3,51.6,Delivered
668,2423,298,11.66,Medium,Clear,14.6,3.0,12.1,53.4,53.6,Delivered
669,181,251,1.63,Low,Rain,28.6,3.2,26.3,33.3,40.4,Delivered
670,200,136,9.24,Medium,Cloudy,26.9,4.7,17.0,37.9,42.8,Delivered
671,487,205,2.41,Low,Clear,26.2,3.0,19.5,25.9,27.7,Delivered
672,3407,77,2.21,Low,Clear,16.0,2.7,34.7,44.2,41.9,Delivered
673,2962,141,1.48,High,Rain,8.0,10.7,19.3,37.2,37.1,Delivered
674,2971,346,8.93,Low,Cloudy,12.8,12.1,16.6,61.1,69.0,Delivered
675,2413,163,1.4,Medium,Cloudy,12.6,3.7,21.9,30.3,30.9,Delivered
676,3338,148,5.35,High,Clear,29.2,8.5,24.5,50.0,58.9,Delivered
677,2236,43,2.46,Medium,Cloudy,12.2,3.8,22.8,39.7,46.6,Delivered
678,3432,131,0.4,Medium,Rain,13.3,4.7,21.9,27.7,27.6,Delivered
679,2734,95,9.52,Medium,Clear,20.1,5.5,16.4,39.0,40.8,Delivered
680,1593,18,1.06,Medium,Cloudy,14.3,6.3,10.4,19.4,19.3,Delivered
681,2672,103,1.46,Low,Clear,27.9,2.7,19.4,24.1,28.4,Delivered
682,1849,189,2.68,High,Cloudy,32.2,14.0,25.7,52.6,54.5,Delivered
683,765,172,4.34,Medium,Cloudy,25.0,8.9,5.7,31.3,55.4,Delivered
684,2119,335,2.98,High,Clear,14.6,6.4,12.2,25.5,28.4,Delivered
685,1854,262,28.0,High,Rain,12.0,10.1,26.2,276.8,130.0,Delayed
686,4284,232,1.94,Low,Rain,17.9,10.1,16.1,33.2,37.7,Delivered
687,2467,65,1.81,High,Cloudy,26.7,7.9,30.3,46.3,50.7,Delivered
688,3863,84,2.42,Medium,Cloudy,6.9,7.6,14.5,26.7,32.9,Delivered
689,483,42,3.43,Medium,Clear,30.2,5.2,11.4,29.9,35.0,Delivered
690,1257,347,4.74,Low,Clear,17.5,4.0,19.8,33.9,36.0,Delivered
691,3434,347,2.64,Medium,Cloudy,18.8,7.6,19.3,34.3,41.8,Delivered
692,3000,151,2.16,High,Rain,3.4,9.4,25.8,53.9,55.7,Delivered
693,2922,196,6.72,High,Cloudy,17.9,7.9,25.4,66.7,73.0,Delivered
694,1479,2,1.7,Medium,Rain,20.8,9.4,17.0,30.0,31.1,Delivered
695,3159,89,2.13,Low,Rain,5.0,6.8,14.8,28.2,30.9,Delivered
696,738,202,1.54,Medium,Clear,11.8,3.4,16.2,24.9,23.1,Delivered
697,1894,29,1.49,Low,Cloudy,15.1,2.7,20.4,25.9,27.0,Delivered
698,878,114,3.13,High,Cloudy,6.3,7.1,17.5,42.6,44.2,Delivered
699,1676,12,19.35,Low,Rain,8.4,5.5,5.4,119.2,124.9,Delayed
700,548,70,1.92,Medium,Clear,4.5,5.6,16.5,27.9,64.6,Delivered
701,3600,275,1.43,High,Clear,2.9,6.9,10.0,24.6,26.8,Delivered
702,1837,164,2.14,Medium,Clear,18.2,10.8,10.5,26.9,23.0,Delivered
703,2541,292,1.99,Low,Cloudy,9.7,2.2,19.3,24.5,23.4,Delivered
704,2527,254,6.34,High,Rain,19.0,7.0,21.9,62.1,69.9,Delivered
705,3123,158,4.62,High,Cloudy,12.6,11.0,22.8,47.6,52.2,Delivered
706,3706,149,5.37,Low,Rain,26.0,9.4,14.6,35.0,39.8,Delivered
707,3203,89,2.11,High,Rain,19.5,6.3,21.2,40.4,39.2,Delivered
708,4169,57,14.04,High,Rain,7.0,6.0,28.9,91.5,108.0,Delayed
709,3130,194,3.16,Low,Clear,19.8,3.1,18.2,24.9,22.3,Delivered
710,598,288,1.53,High,Clear,21.4,8.7,25.0,42.7,45.0,Delivered
711,3569,170,0.71,High,Rain,15.1,9.3,19.9,34.1,30.2,Delivered
712,801,322,1.44,Medium,Clear,10.5,3.8,19.1,26.7,23.9,Delivered
713,3644,106,3.18,Low,Clear,5.3,2.9,19.9,27.3,23.9,Delivered
714,4365,237,4.61,Medium,Clear,7.5,5.7,12.4,38.1,46.0,Delivered
715,1902,212,13.11,Low,Clear,10.1,2.2,22.3,45.3,55.2,Delivered
716,3145,110,0.61,Low,Rain,14.4,2.0,7.7,12.3,13.7,Delivered
717,2032,180,3.83,Medium,Rain,14.9,6.0,38.0,54.5,54.7,Delivered
718,2094,246,2.68,High,Rain,5.9,6.6,22.4,38.0,30.0,Delivered
719,1740,239,7.76,Low,Clear,13.6,5.9,25.7,54.2,53.1,Delivered
720,4155,96,4.63,Low,Cloudy,15.0,2.8,12.1,22.4,15.9,Delivered
721,1716,2,1.63,High,Clear,10.3,5.9,19.3,31.1,30.4,Delivered
722,4469,235,1.52,Medium,Clear,2.5,6.4,14.7,27.9,27.2,Delivered
723,4359,305,1.58,Low,Clear,8.3,5.7,16.6,27.1,28.6,Delivered
724,1249,339,0.52,Medium,Rain,8.8,4.8,17.0,23.0,22.8,Delivered
725,2113,20,0.46,High,Clear,20.4,7.5,27.5,36.7,36.0,Delivered
726,2588,130,1.07,High,Rain,17.3,7.5,17.1,31.3,29.8,Delivered
727,3742,158,0.69,High,Clear,11.7,5.6,29.1,38.3,39.4,Delivered
728,2442,54,1.97,Low,Clear,12.1,2.0,6.5,11.0,16.2,Delivered
729,4368,255,18.58,Medium,Rain,5.5,3.1,11.1,61.0,69.3,Delivered
730,2346,275,7.73,High,Clear,13.0,8.0,14.4,67.5,70.8,Delivered
731,1219,251,0.4,Medium,Clear,27.4,5.2,20.3,26.4,26.5,Delivered
732,192,120,1.75,Medium,Clear,13.2,3.6,16.3,27.1,36.7,Delivered
733,1647,88,2.15,Low,Clear,22.8,5.1,16.4,24.4,22.5,Delivered
734,4057,205,2.12,Low,Rain,18.3,3.7,21.9,29.5,32.9,Delivered
735,2728,261,8.6,Medium,Clear,14.9,4.5,20.4,50.3,57.5,Delivered
736,4314,319,0.45,High,Cloudy,9.2,8.3,8.0,21.1,23.8,Delivered
737,1530,264,1.81,Low,Cloudy,12.1,2.1,22.1,28.2,25.8,Delivered
738,3364,331,0.76,Medium,Clear,7.8,4.9,20.6,26.9,26.5,Delivered
739,1185,131,1.26,Medium,Rain,21.7,7.3,22.7,33.4,36.5,Delivered
740,574,122,1.0,Medium,Clear,12.3,3.9,19.4,25.8,27.1,Delivered
741,1230,87,3.92,Medium,Cloudy,0.3,4.9,23.3,36.5,35.9,Delivered
742,928,188,2.11,Medium,Clear,15.0,4.2,20.0,32.4,37.5,Delivered
743,2195,147,3.65,Low,Clear,-1.6,3.2,20.6,30.0,31.3,Delivered
744,2188,169,6.3,Medium,Cloudy,2.7,4.6,12.9,31.1,29.2,Delivered
745,2500,327,4.07,Medium,Snow,-4.7,8.3,19.1,38.6,33.4,Delivered
746,1341,256,0.85,Low,Rain,19.0,3.1,19.6,24.2,23.7,Delivered
747,2038,26,4.86,Low,Clear,28.4,5.9,18.9,35.6,43.2,Delivered
748,1646,157,2.15,High,Rain,5.5,6.0,22.8,36.7,40.6,Delivered
749,862,106,2.61,High,Cloudy,7.6,6.2,20.2,33.8,36.4,Delivered
750,1563,269,5.16,Low,Clear,13.9,3.1,17.9,30.2,33.2,Delivered
751,4185,349,0.48,High,Cloudy,18.6,13.4,20.7,36.3,35.1,Delivered
752,3985,45,2.95,High,Cloudy,9.8,8.8,19.7,40.9,41.8,Delivered
753,2334,186,0.44,Low,Clear,13.0,4.7,23.9,29.3,29.6,Delivered
754,129,115,1.3,Medium,Rain,7.4,3.2,11.7,22.9,23.5,Delivered
755,1111,161,3.04,High,Clear,22.3,5.6,18.2,31.4,27.5,Delivered
756,2415,230,1.4,High,Cloudy,3.5,8.0,27.5,40.4,36.9,Delivered
757,302,130,2.23,High,Rain,31.0,5.6,15.8,35.4,36.5,Delivered
758,402,105,4.15,High,Cloudy,11.9,10.3,29.5,57.2,58.4,Delivered
759,2585,91,1.74,Medium,Clear,1.4,3.1,19.1,30.4,30.0,Delivered
760,32,251,1.79,High,Clear,17.6,7.2,25.8,39.2,39.0,Delivered
761,3892,119,1.7,Medium,Snow,-1.7,3.5,14.5,25.4,35.1,Delivered
762,3421,198,15.06,Medium,Rain,-5.7,4.7,22.8,105.6,112.2,Delayed
763,3507,182,3.57,High,Clear,10.3,6.8,23.1,43.7,47.4,Delivered
764,2277,71,3.29,Medium,Cloudy,15.7,7.9,17.5,31.6,27.5,Delivered
765,871,287,6.51,Medium,Clear,-3.7,5.0,20.7,38.6,46.3,Delivered
766,3647,256,1.24,High,Clear,15.5,6.0,18.2,27.4,35.6,Delivered
767,1293,279,2.96,High,Cloudy,22.3,8.8,14.3,33.0,32.4,Delivered
768,1107,56,1.24,Low,Clear,18.2,3.3,12.6,20.2,16.9,Delivered
769,3686,257,6.15,Medium,Clear,11.6,4.6,21.2,44.2,40.2,Delivered
770,3580,191,2.51,High,Cloudy,8.7,5.4,27.7,42.2,44.1,Delivered
771,148,318,7.29,Medium,Rain,14.3,3.5,23.2,50.2,51.5,Delivered
772,3275,217,1.65,Medium,Clear,9.0,5.1,21.6,35.0,44.7,Delivered
773,817,77,2.64,High,Snow,1.3,8.6,24.5,49.8,54.6,Delivered
774,3518,35,1.65,High,Cloudy,1.8,8.4,19.2,34.2,31.9,Delivered
775,3198,139,7.3,Low,Rain,11.3,3.7,14.6,35.4,41.4,Delivered
776,199,77,4.56,Medium,Cloudy,18.6,7.8,8.7,27.7,19.6,Delivered
777,2959,107,3.92,Medium,Clear,21.2,4.6,20.9,38.9,40.3,Delivered
778,2459,179,4.31,Low,Clear,27.7,5.1,10.9,25.5,26.9,Delivered
779,1483,157,4.85,Medium,Cloudy,5.0,11.2,20.0,40.7,44.0,Delivered
780,556,266,18.98,Low,Rain,16.5,3.7,11.4,81.3,86.3,Delayed
781,2850,145,2.12,High,Clear,18.1,7.0,21.9,36.5,38.8,Delivered
782,61,97,0.97,High,Cloudy,9.0,9.7,27.6,44.2,45.2,Delivered
783,2611,105,0.81,High,Clear,19.7,7.0,10.2,22.7,27.8,Delivered
784,1633,105,0.92,Medium,Clear,17.8,4.5,23.4,30.1,33.7,Delivered
785,2787,109,3.84,High,Clear,12.1,7.2,24.0,54.1,54.4,Delivered
786,4143,72,2.64,High,Snow,1.0,8.0,21.3,45.1,50.1,Delivered
787,3200,5,3.73,High,Cloudy,14.1,6.8,24.6,45.7,43.0,Delivered
788,1075,239,1.25,High,Rain,13.0,7.1,17.3,33.2,34.3,Delivered
789,3288,334,0.6,Low,Rain,17.1,6.8,21.5,29.4,33.5,Delivered
790,3399,267,1.83,High,Rain,24.2,8.6,14.0,32.1,32.5,Delivered
791,2168,196,1.18,High,Clear,16.4,16.6,20.0,41.7,40.1,Delivered
792,3695,233,0.93,Medium,Cloudy,14.5,5.3,7.7,14.5,15.6,Delivered
793,1375,310,3.85,Low,Clear,15.0,3.2,23.8,40.5,28.2,Delivered
794,1680,110,1.24,High,Rain,3.3,10.2,14.9,34.9,33.8,Delivered
795,1027,70,0.8,High,Cloudy,27.0,7.3,23.7,36.7,37.6,Delivered
796,4224,177,3.89,High,Rain,23.8,7.1,25.0,59.9,62.0,Delivered
797,3937,72,2.01,Medium,Clear,9.1,5.8,20.9,32.4,34.0,Delivered
798,1742,315,3.56,Low,Cloudy,14.1,2.2,20.4,30.7,31.4,Delivered
799,2006,212,2.05,Medium,Cloudy,31.2,5.6,11.8,21.1,27.0,Delivered
800,186,55,5.08,High,Rain,17.3,5.7,33.8,76.1,90.5,Delayed
801,596,320,0.4,Low,Clear,13.2,5.4,17.5,23.4,23.9,Delivered
802,3466,5,1.41,Medium,Clear,15.0,4.7,23.1,34.0,34.1,Delivered
803,578,97,3.83,Medium,Clear,19.0,3.4,18.0,34.0,42.2,Delivered
804,3360,46,1.4,Medium,Cloudy,11.7,6.4,25.6,34.3,33.4,Delivered
805,2435,261,9.72,Medium,Rain,11.4,4.7,27.6,70.4,71.7,Delivered
806,4428,216,0.66,High,Rain,14.1,9.1,21.2,35.9,60.6,Delivered
807,3486,44,3.63,Medium,Rain,7.9,6.1,25.8,53.6,56.1,Delivered
808,4412,174,2.09,Medium,Clear,13.2,9.4,13.3,28.8,33.3,Delivered
809,798,12,7.03,High,Cloudy,11.2,6.8,19.0,68.2,69.7,Delivered
810,3348,335,1.27,Medium,Rain,1.3,4.0,16.3,22.8,21.8,Delivered
811,1243,6,2.11,Low,Clear,17.3,2.2,15.4,20.7,24.9,Delivered
812,2225,293,10.5,High,Clear,2.4,5.1,20.7,57.1,50.6,Delivered
813,3164,325,6.95,Low,Clear,23.0,8.0,16.6,48.9,49.5,Delivered
814,2085,270,7.18,High,Snow,-3.0,9.7,13.0,70.0,81.7,Delayed
815,1446,207,11.44,High,Rain,1.2,6.0,16.0,107.7,116.0,Delayed
816,440,286,2.07,Low,Rain,10.9,5.0,11.4,22.1,27.6,Delivered
817,4175,329,3.78,Medium,Clear,2.4,4.8,19.7,40.6,39.0,Delivered
818,3986,213,2.35,High,Cloudy,20.8,11.0,26.0,45.0,79.0,Delayed
819,249,110,0.4,Medium,Clear,21.6,4.2,10.1,15.9,15.3,Delivered
820,2880,298,1.91,High,Clear,15.1,8.6,14.1,30.0,23.7,Delivered
821,2774,34,1.54,Medium,Rain,10.4,5.2,18.3,29.7,28.9,Delivered
822,292,251,14.79,Low,Clear,12.9,2.9,10.5,45.5,47.0,Delivered
823,2376,323,2.22,Low,Cloudy,8.6,4.5,19.6,31.1,29.0,Delivered
824,1550,112,1.46,Medium,Snow,-0.4,4.6,23.3,39.6,38.9,Delivered
825,2788,1,4.47,Low,Clear,14.0,2.0,18.5,27.0,34.0,Delivered
826,21,100,5.46,Low,Clear,11.7,10.3,16.0,40.3,38.8,Delivered
827,489,198,4.81,High,Clear,7.0,9.7,21.5,54.4,60.4,Delivered
828,600,307,1.05,High,Rain,-1.2,6.1,23.9,34.0,33.8,Delivered
829,769,307,5.63,Medium,Clear,12.0,4.9,16.1,31.9,36.9,Delivered
830,1336,79,1.88,Medium,Cloudy,-6.0,6.4,24.3,36.3,44.7,Delivered
831,3194,71,10.16,Low,Clear,4.8,5.0,5.6,26.6,35.3,Delivered
832,829,235,8.12,Low,Cloudy,3.2,3.7,22.4,58.4,59.6,Delivered
833,1032,122,0.72,Low,Clear,19.7,2.6,12.7,16.7,19.4,Delivered
834,1282,343,2.22,Low,Rain,14.7,5.2,27.4,37.7,43.6,Delivered
835,1714,345,1.34,High,Clear,-2.8,6.6,24.9,40.2,41.4,Delivered
836,3007,43,17.12,Medium,Clear,29.8,4.1,21.6,118.0,130.0,Delayed
837,306,216,3.5,High,Clear,22.0,9.6,26.1,54.2,58.8,Delivered
838,1659,20,5.2,Low,Cloudy,20.3,2.8,29.7,43.0,38.4,Delivered
839,3624,19,6.2,High,Clear,9.1,10.7,13.9,43.9,56.6,Delivered
840,522,239,0.77,High,Clear,8.7,5.8,29.0,39.5,35.8,Delivered
841,2425,55,1.27,Medium,Clear,20.8,7.4,25.5,37.8,33.9,Delivered
842,312,205,2.23,Medium,Clear,9.4,5.5,19.6,29.0,27.4,Delivered
843,3241,246,2.28,High,Clear,21.1,10.1,22.3,38.5,44.6,Delivered
844,3314,316,28.0,Low,Rain,5.3,3.4,23.3,116.0,128.5,Delayed
845,1186,59,2.67,Medium,Clear,6.7,5.8,24.5,39.5,49.1,Delivered
846,1136,312,1.48,High,Clear,20.4,9.1,14.8,27.5,32.5,Delivered
847,1907,337,0.59,Medium,Clear,20.1,5.1,21.4,27.6,28.5,Delivered
848,1187,303,2.14,Medium,Cloudy,15.4,3.5,12.9,23.7,29.9,Delivered
849,663,198,1.75,High,Cloudy,10.7,7.0,21.7,38.7,40.3,Delivered
850,2930,252,6.17,Medium,Clear,15.3,7.9,13.3,44.1,47.2,Delivered
851,2974,108,5.61,Medium,Cloudy,-1.7,6.6,12.8,35.0,34.6,Delivered
852,2542,217,1.62,High,Cloudy,2.8,8.7,27.9,46.5,54.5,Delivered
853,3277,10,7.16,High,Cloudy,15.4,10.8,23.8,69.7,73.4,Delivered
854,4274,314,4.98,Medium,Clear,7.5,4.0,23.0,36.5,31.6,Delivered
855,1552,190,0.61,Medium,Clear,2.8,5.4,23.5,33.3,30.2,Delivered
856,2068,224,2.06,High,Rain,16.2,5.3,16.0,37.5,34.3,Delivered
857,3970,202,15.43,Medium,Rain,23.9,3.7,7.9,97.6,111.9,Delayed
858,339,95,0.4,Medium,Cloudy,9.6,3.5,19.4,23.6,23.9,Delivered
859,3912,25,4.89,High,Rain,10.2,7.1,24.7,63.3,69.5,Delivered
860,2125,29,0.4,Medium,Snow,3.9,11.5,18.9,31.8,33.7,Delivered
861,3779,305,0.61,Low,Clear,16.4,4.6,13.3,19.8,22.2,Delivered
862,1601,298,1.47,Low,Clear,12.4,3.9,22.7,30.0,28.9,Delivered
863,773,12,3.56,High,Rain,2.7,8.0,23.2,57.9,61.3,Delivered
864,3694,183,0.66,Medium,Rain,20.4,4.5,22.4,29.8,28.0,Delivered
865,4134,13,2.87,High,Cloudy,9.2,11.0,14.2,38.9,44.3,Delivered
866,114,153,4.23,Low,Rain,28.0,2.9,12.1,35.0,36.8,Delivered
867,1759,8,1.32,High,Rain,7.3,7.0,9.3,23.9,23.0,Delivered
868,932,289,3.48,High,Rain,2.6,9.2,31.8,61.6,66.6,Delivered
869,2898,120,3.3,Low,Cloudy,2.7,2.5,18.6,32.5,36.8,Delivered
870,2399,43,2.05,High,Cloudy,10.6,6.8,25.2,46.4,57.8,Delivered
871,3717,257,1.56,High,Cloudy,31.5,6.0,22.2,36.3,34.1,Delivered
872,1815,14,1.84,Low,Cloudy,14.5,2.6,16.9,23.6,20.5,Delivered
873,2156,26,9.32,Low,Clear,12.5,9.2,16.9,48.5,44.6,Delivered
874,2519,165,0.89,High,Clear,17.0,5.8,21.6,32.4,31.1,Delivered
875,2643,99,7.43,Low,Clear,-0.5,9.1,12.3,42.5,46.1,Delivered
876,2851,221,1.03,High,Cloudy,14.7,9.1,10.6,25.2,25.1,Delivered
877,2771,287,4.64,Medium,Cloudy,-7.1,5.0,26.3,43.6,41.0,Delivered
878,188,324,0.45,Medium,Clear,26.4,3.7,19.8,25.2,31.8,Delivered
879,112,328,0.5,Medium,Cloudy,19.6,6.1,19.7,27.4,26.8,Delivered
880,2276,271,6.1,Medium,Cloudy,17.2,3.3,11.8,35.3,45.6,Delivered
881,1749,292,0.77,Medium,Cloudy,2.9,4.9,15.1,21.5,24.2,Delivered
882,162,49,4.05,Low,Rain,6.9,2.1,8.7,29.5,38.0,Delivered
883,4084,254,2.82,Medium,Cloudy,2.6,3.8,11.4,22.4,18.8,Delivered
884,2538,312,2.26,Medium,Cloudy,10.3,6.0,22.3,32.1,30.9,Delivered
885,2239,179,10.22,High,Rain,25.2,7.0,20.6,80.9,85.9,Delayed
886,497,132,3.68,Low,Snow,-1.7,6.5,15.6,30.3,29.2,Delivered
887,3932,115,2.25,Medium,Rain,-2.9,4.6,16.3,34.8,37.4,Delivered
888,4235,42,0.4,High,Cloudy,20.7,8.4,14.8,28.2,32.5,Delivered
889,1567,242,2.12,High,Clear,10.4,6.6,27.2,40.9,39.3,Delivered
890,1569,284,22.79,Low,Clear,10.1,5.1,9.8,77.5,93.0,Delayed
891,872,253,1.22,High,Rain,10.9,9.0,21.6,34.8,31.6,Delivered
892,317,79,1.78,Low,Clear,16.1,4.2,13.4,21.6,24.3,Delivered
893,4080,200,0.57,Medium,Snow,-3.7,4.6,21.1,27.3,28.6,Delivered
894,4417,347,1.67,Low,Cloudy,21.6,2.3,19.1,25.1,26.8,Delivered
895,3055,130,5.35,High,Clear,13.6,5.4,15.1,46.4,38.1,Delivered
896,609,334,1.48,High,Clear,18.7,7.4,25.6,36.9,36.5,Delivered
897,126,34,2.16,High,Cloudy,9.9,7.0,27.7,46.5,49.3,Delivered
898,2350,119,1.75,Medium,Snow,-6.1,4.6,22.1,33.0,37.0,Delivered
899,144,217,5.84,High,Cloudy,19.9,5.9,17.3,52.8,51.7,Delivered
900,4285,156,1.05,High,Clear,23.8,5.8,17.7,30.3,35.1,Delivered
901,532,192,4.65,Medium,Clear,20.6,5.1,25.3,42.9,48.0,Delivered
902,3883,169,1.38,Low,Clear,13.2,3.0,11.0,16.2,19.5,Delivered
903,337,239,1.09,Medium,Clear,26.4,4.6,18.8,27.2,27.8,Delivered
904,4397,271,3.79,Low,Cloudy,19.2,2.4,21.2,33.4,39.9,Delivered
905,992,141,2.61,High,Clear,19.2,6.7,30.4,47.1,54.8,Delivered
906,30,271,2.29,Medium,Clear,7.9,7.4,21.6,36.1,33.7,Delivered
907,4113,106,2.01,High,Rain,9.0,5.2,19.8,32.1,33.8,Delivered
908,3988,305,7.32,Medium,Cloudy,31.3,6.4,18.9,56.0,63.9,Delivered
909,563,245,2.2,High,Rain,18.0,6.4,29.9,48.6,58.3,Delivered
910,4442,307,0.4,Low,Clear,20.6,5.7,14.8,21.1,21.5,Delivered
911,1893,185,2.81,High,Rain,-3.9,6.5,24.1,40.8,39.6,Delivered
912,4240,344,4.78,High,Clear,13.0,7.5,15.3,37.3,34.3,Delivered
913,2545,229,3.63,Low,Clear,8.2,4.9,11.8,22.7,17.7,Delivered
914,17,47,2.64,High,Cloudy,7.6,7.2,28.7,44.5,45.6,Delivered
915,4304,119,1.68,Medium,Snow,-8.3,4.4,22.5,32.6,31.5,Delivered
916,1150,230,3.38,High,Cloudy,-0.8,8.1,23.7,42.8,48.4,Delivered
917,791,307,2.24,Low,Clear,0.8,2.1,28.2,33.7,31.5,Delivered
918,2371,350,2.61,High,Clear,21.4,17.4,21.0,47.3,44.3,Delivered
919,545,326,3.7,High,Clear,22.3,9.9,28.1,59.3,68.3,Delivered
920,47,283,5.99,High,Clear,24.4,6.3,21.6,42.1,43.5,Delivered
921,3255,283,1.38,High,Cloudy,16.8,8.3,27.0,39.7,44.9,Delivered
922,2837,332,1.35,Medium,Rain,13.9,6.3,23.6,37.2,37.1,Delivered
923,3375,330,2.53,Low,Clear,24.8,6.0,5.4,15.8,24.2,Delivered
924,1908,350,2.28,Low,Snow,-7.2,3.5,17.9,27.2,29.5,Delivered
925,3839,344,2.43,Low,Clear,3.8,3.2,14.2,21.3,18.4,Delivered
926,4104,212,1.35,High,Clear,26.4,6.6,24.1,34.2,31.7,Delivered
927,170,158,0.74,High,Rain,5.6,7.4,34.6,47.0,50.9,Delivered
928,3121,157,0.64,Low,Clear,14.8,3.6,22.1,26.7,28.7,Delivered
929,2733,289,0.71,Low,Rain,0.3,3.9,20.2,26.3,29.8,Delivered
930,2296,319,20.62,Low,Cloudy,24.5,2.9,22.0,116.4,118.6,Delayed
931,4043,8,8.94,High,Rain,14.8,7.1,24.8,70.2,67.9,Delivered
932,3777,158,7.65,High,Clear,12.6,6.2,25.3,54.4,48.8,Delivered
933,3301,193,4.17,Low,Rain,15.4,2.7,9.4,21.4,18.2,Delivered
934,3789,129,0.72,Medium,Clear,14.7,8.2,21.7,33.8,37.9,Delivered
935,2201,118,2.14,High,Clear,2.0,8.6,24.1,43.2,46.2,Delivered
936,3730,231,3.81,Low,Rain,2.9,3.0,18.3,27.3,22.3,Delivered
937,3971,257,0.92,Medium,Clear,7.5,6.0,21.9,30.3,28.9,Delivered
938,991,259,2.4,Low,Cloudy,12.5,2.6,13.8,23.4,25.7,Delivered
939,2474,189,1.35,Low,Rain,14.6,3.3,34.3,42.5,48.2,Delivered
940,583,308,4.27,High,Rain,11.6,5.4,12.4,41.8,46.8,Delivered
941,478,140,0.42,High,Clear,13.5,11.4,15.6,30.6,39.1,Delivered
942,3550,91,2.65,Low,Clear,10.1,2.3,17.4,29.6,32.6,Delivered
943,898,220,1.59,Low,Clear,31.2,4.2,24.5,31.2,38.4,Delivered
944,2827,5,2.0,Low,Cloudy,11.7,4.6,13.1,21.9,33.3,Delivered
945,1568,54,0.51,High,Cloudy,13.8,9.3,26.0,36.6,36.3,Delivered
946,4497,263,18.44,Medium,Clear,17.3,3.9,16.0,77.6,87.3,Delayed
947,1571,108,8.15,Medium,Cloudy,25.9,8.3,17.4,51.1,45.7,Delivered
948,1247,329,4.29,High,Cloudy,5.7,7.8,21.7,54.8,60.9,Delivered
949,3425,212,10.37,Medium,Clear,14.4,3.3,28.5,51.4,48.8,Delivered
950,1284,258,0.4,High,Clear,7.1,8.4,25.2,35.8,39.8,Delivered
951,2361,1,3.82,Low,Rain,17.3,5.3,18.7,31.2,30.0,Delivered
952,3311,246,4.9,Low,Rain,6.9,3.0,22.7,32.8,35.6,Delivered
953,2059,2,3.22,High,Clear,24.6,8.0,21.2,38.5,35.5,Delivered
954,1764,253,1.95,High,Clear,4.0,6.5,18.7,32.6,33.9,Delivered
955,2670,205,4.74,Medium,Cloudy,17.3,4.4,16.6,29.8,34.2,Delivered
956,3323,294,2.54,Medium,Cloudy,-1.8,5.2,11.1,23.7,26.1,Delivered
957,751,71,1.87,High,Clear,12.3,7.8,26.1,40.2,34.9,Delivered
958,2750,251,12.15,High,Cloudy,13.9,6.7,13.0,70.0,74.9,Delivered
959,677,239,5.57,Medium,Cloudy,10.4,4.3,21.2,45.9,45.3,Delivered
960,3801,129,1.32,High,Clear,6.3,9.3,23.0,39.4,35.7,Delivered
961,4034,88,1.05,Low,Snow,0.7,2.2,24.9,29.4,28.1,Delivered
962,2237,123,2.46,Medium,Cloudy,21.8,4.3,18.7,28.3,32.4,Delivered
963,2240,32,2.77,High,Clear,15.5,5.3,24.5,44.1,54.3,Delivered
964,865,81,2.1,High,Rain,6.6,8.7,16.1,37.0,42.8,Delivered
965,4241,258,5.24,High,Cloudy,1.9,6.6,31.4,56.5,57.5,Delivered
966,2140,108,3.54,High,Clear,16.8,17.6,37.0,69.1,72.9,Delivered
967,3687,137,2.85,Low,Clear,31.0,3.1,16.4,23.8,24.4,Delivered
968,2304,217,1.98,Medium,Cloudy,22.2,4.7,21.4,33.1,38.0,Delivered
969,2578,64,7.11,Medium,Cloudy,5.9,4.8,23.8,40.8,42.3,Delivered
970,2946,40,6.05,Medium,Clear,24.6,4.1,14.3,39.3,44.4,Delivered
971,3328,324,7.74,Medium,Rain,-3.8,4.6,21.6,67.8,73.8,Delivered
972,2330,109,2.57,Medium,Clear,31.0,5.5,17.9,34.1,37.7,Delivered
973,3416,238,1.47,Low,Clear,19.8,2.5,12.8,18.2,22.6,Delivered
974,3672,66,4.73,High,Cloudy,0.9,6.4,26.0,46.4,43.1,Delivered
975,1526,173,2.11,High,Rain,18.0,8.3,12.7,32.8,33.4,Delivered
976,3165,231,1.37,Medium,Rain,20.7,4.7,26.1,33.5,32.7,Delivered
977,4199,16,1.93,Medium,Rain,2.6,6.4,18.0,31.5,35.7,Delivered
978,2620,298,3.76,Low,Rain,11.0,2.8,23.8,37.9,39.1,Delivered
979,1963,335,2.26,Low,Rain,26.4,2.1,9.6,15.3,12.7,Delivered
980,3256,109,1.51,High,Cloudy,25.7,9.3,20.1,40.8,42.5,Delivered
981,4475,68,9.89,Medium,Clear,7.1,8.0,27.0,56.9,61.3,Delivered
982,967,63,1.44,Medium,Clear,27.4,4.7,14.2,21.6,24.7,Delivered
983,282,125,1.1,Low,Rain,15.8,5.2,8.6,16.8,14.8,Delivered
984,3245,316,0.64,Low,Cloudy,15.8,6.9,16.4,24.4,24.3,Delivered
985,4495,283,5.22,Low,Cloudy,7.6,4.1,31.7,43.9,43.2,Delivered
986,2148,339,5.18,Medium,Cloudy,9.8,4.3,11.3,25.1,23.7,Delivered
987,2890,223,2.71,Medium,Clear,11.2,8.3,18.9,37.2,36.4,Delivered
988,2845,103,1.21,High,Clear,15.2,6.8,12.5,22.5,24.6,Delivered
989,1821,22,1.75,Low,Clear,7.1,2.6,15.1,21.0,25.5,Delivered
990,1898,9,0.79,Medium,Rain,3.2,7.1,22.1,33.8,33.3,Delivered
991,3419,303,0.68,Low,Clear,31.1,2.1,12.0,15.9,15.1,Delivered
992,1587,299,1.28,Medium,Clear,14.2,6.6,25.5,36.1,37.8,Delivered
993,1269,196,3.31,Medium,Clear,11.3,4.9,19.7,35.4,29.5,Delivered
994,1090,122,0.56,Medium,Clear,15.3,5.7,21.8,31.0,39.3,Delivered
995,2739,63,3.55,Low,Clear,9.8,5.1,22.3,32.8,33.0,Delivered
996,1115,306,2.94,High,Cloudy,3.8,5.0,21.6,37.9,40.0,Delivered
997,1522,22,2.87,High,Clear,16.3,11.5,18.2,39.8,45.6,Delivered
998,3281,282,2.28,Medium,Cloudy,22.7,9.5,16.9,30.5,29.8,Delivered
999,1400,244,2.85,Medium,Clear,10.2,5.5,27.6,43.2,48.2,Delivered
1000,2204,285,2.05,Medium,Clear,19.6,3.2,13.6,26.1,28.9,Delivered
