driver_id,first_name,last_name,country,city,vehicle_type,years_experience,driver_rating,completed_deliveries,employment_type,average_speed_kmh
1,Bruno,Svoboda,Netherlands,The Hague,Motorcycle,1.0,3.55,420,Part-time,36.8
2,Astrid,Costa,Italy,Rome,Motorcycle,1.9,3.86,855,Full-time,40.7
3,Marco,Janssens,Germany,Munich,Scooter,1.8,3.56,784,Full-time,33.0
4,Elena,Gruber,Spain,Madrid,Bicycle,7.2,3.87,2780,Full-time,17.8
5,Oskar,Peeters,Netherlands,Amsterdam,E-bike,9.1,4.51,3430,Freelance,24.3
6,Alicja,Korhonen,Finland,Tampere,Motorcycle,0.4,3.61,450,Part-time,36.1
7,Ingrid,Lopez,France,Toulouse,Car,2.8,3.82,954,Part-time,24.1
8,Francesca,Hansen,Portugal,Lisbon,Motorcycle,0.8,3.8,416,Freelance,34.5
9,Helena,Gruber,Spain,Madrid,Car,1.5,3.9,557,Full-time,23.9
10,Erik,de Jong,Netherlands,Amsterdam,E-bike,0.9,3.64,410,Freelance,20.7
11,Jan,Martin,Norway,Oslo,Motorcycle,3.0,3.59,1325,Full-time,34.9
12,Emma,Lopez,Germany,Berlin,Bicycle,0.3,3.47,67,Freelance,16.1
13,Nina,Lefevre,Netherlands,Amsterdam,E-bike,2.0,3.93,850,Freelance,23.7
14,Helena,Dubois,Czechia,Prague,E-bike,4.5,4.04,1750,Freelance,24.6
15,Ville,Garcia,Czechia,Prague,Motorcycle,1.1,3.56,322,Full-time,38.1
16,Olav,Silva,Netherlands,The Hague,Car,3.9,3.75,1671,Part-time,23.0
17,Paul,Lopez,Czechia,Brno,E-bike,2.0,3.93,867,Freelance,24.3
18,Dimitris,Silva,Germany,Munich,Car,5.6,4.05,2063,Part-time,26.7
19,Lars,Muller,Spain,Madrid,Motorcycle,0.8,3.86,470,Full-time,37.0
20,Wojciech,Peeters,Spain,Valencia,Car,2.3,4.03,749,Part-time,27.6
21,Isabel,Janssens,Spain,Madrid,E-bike,0.5,3.57,186,Full-time,25.8
22,Marie,Wagner,Norway,Bergen,Car,8.6,4.61,3204,Part-time,26.5
23,Peter,Svoboda,Spain,Madrid,Motorcycle,0.5,3.68,303,Full-time,45.5
24,Wojciech,Costa,Portugal,Porto,Motorcycle,0.3,3.69,42,Part-time,37.0
25,Lucas,Schmidt,Austria,Vienna,E-bike,0.5,3.1,304,Full-time,19.7
26,Maja,Garcia,Portugal,Porto,Car,1.9,3.53,811,Full-time,23.9
27,Bruno,Berg,Italy,Rome,Motorcycle,4.5,3.78,1654,Full-time,43.3
28,Zofia,Korhonen,Greece,Thessaloniki,Motorcycle,4.3,3.91,1908,Freelance,40.5
29,Zofia,Costa,France,Lyon,Car,3.7,3.96,1294,Part-time,29.0
30,Bruno,Weber,Poland,Warsaw,Bicycle,3.9,3.99,1271,Part-time,19.8
31,Marie,Andersson,Czechia,Brno,Motorcycle,2.1,3.86,926,Freelance,40.1
32,Elena,Lopez,France,Paris,E-bike,0.5,3.47,5,Part-time,19.8
33,Eleni,Lopez,Germany,Munich,Scooter,7.3,4.43,2998,Part-time,36.6
34,Giulia,Jansen,Finland,Helsinki,E-bike,6.3,4.62,2409,Part-time,20.5
35,Oskar,Jensen,Denmark,Aarhus,E-bike,0.7,3.57,52,Full-time,23.1
36,Paul,Jensen,Netherlands,The Hague,Scooter,3.1,3.71,1036,Part-time,38.3
37,Nina,Nowak,Spain,Madrid,Bicycle,1.3,3.55,249,Full-time,16.9
38,Giulia,Virtanen,Italy,Naples,Bicycle,2.5,3.85,1007,Freelance,15.9
39,Bruno,Peeters,Germany,Frankfurt,Motorcycle,4.0,3.83,1321,Part-time,40.9
40,Henrik,Martin,France,Lyon,E-bike,0.2,3.19,151,Full-time,19.9
41,Marco,Schmidt,Spain,Madrid,Bicycle,10.5,4.18,3944,Part-time,15.8
42,Hugo,Kowalski,Portugal,Lisbon,Bicycle,2.2,4.05,765,Full-time,17.0
43,Nina,Meyer,Italy,Rome,Bicycle,0.3,3.95,190,Part-time,15.5
44,Ingrid,Silva,Austria,Vienna,Bicycle,3.2,4.29,1310,Freelance,14.2
45,Anna,Jensen,Finland,Helsinki,Car,4.5,4.06,1882,Freelance,29.0
46,Lars,Rossi,Germany,Cologne,Motorcycle,10.7,4.32,3971,Part-time,38.8
47,Luis,Nielsen,Germany,Munich,Scooter,0.6,3.54,224,Part-time,32.7
48,Alessandro,Rossi,France,Lyon,Scooter,0.4,3.26,57,Part-time,40.0
49,Peter,Kowalski,Belgium,Brussels,Bicycle,3.1,3.5,1202,Full-time,14.7
50,Isabel,Lopez,Poland,Warsaw,Scooter,1.4,3.79,415,Part-time,29.9
51,Matteo,Gruber,Spain,Valencia,Car,0.9,3.82,278,Part-time,32.5
52,Dimitris,Weber,Poland,Warsaw,Bicycle,2.4,4.31,849,Full-time,14.8
53,Alessandro,Schmidt,France,Toulouse,E-bike,0.9,3.66,386,Full-time,25.4
54,Felix,Martin,Italy,Milan,Motorcycle,1.9,3.43,722,Full-time,42.1
55,Sophie,Rossi,Belgium,Brussels,Bicycle,1.2,3.68,532,Full-time,17.2
56,Marie,Costa,France,Lyon,Bicycle,0.2,3.55,60,Full-time,15.7
57,Lars,Kowalski,Germany,Hamburg,Motorcycle,1.8,3.64,597,Part-time,38.3
58,Francesca,Meyer,Spain,Madrid,Scooter,6.7,4.29,2575,Part-time,37.9
59,Oskar,Costa,France,Lyon,E-bike,0.6,3.35,90,Part-time,19.4
60,Olav,Janssens,Sweden,Stockholm,Motorcycle,2.2,3.83,921,Full-time,43.2
61,Dimitris,Schmidt,Czechia,Prague,Bicycle,0.8,3.83,261,Part-time,19.0
62,Nina,Berg,France,Paris,E-bike,0.6,4.01,259,Freelance,23.9
63,Isabel,Andersson,Italy,Milan,Motorcycle,1.9,3.85,755,Full-time,34.7
64,Felix,Schmidt,Germany,Hamburg,Motorcycle,0.4,3.9,392,Full-time,42.9
65,Bruno,Nowak,France,Paris,Scooter,0.8,3.56,361,Part-time,36.7
66,Ingrid,Silva,Germany,Hamburg,Motorcycle,5.7,4.04,2177,Full-time,34.2
67,Olav,Kowalski,France,Marseille,Motorcycle,0.5,3.98,86,Full-time,44.7
68,Freja,de Jong,Sweden,Stockholm,Motorcycle,0.4,3.29,272,Part-time,35.6
69,Freja,Nikolaou,Germany,Berlin,E-bike,8.4,4.26,3151,Full-time,25.7
70,Ville,Dubois,Italy,Rome,E-bike,12.0,4.96,4331,Freelance,19.5
71,Alicja,Jensen,Germany,Berlin,Motorcycle,2.5,3.77,921,Freelance,36.9
72,Henrik,Lopez,Belgium,Antwerp,E-bike,0.2,3.55,105,Part-time,23.8
73,Lucas,Muller,Germany,Cologne,Car,1.2,3.64,333,Part-time,23.6
74,Alessandro,Meyer,Spain,Madrid,Bicycle,2.2,3.83,818,Freelance,15.1
75,Carlos,Papadopoulos,France,Lyon,Scooter,3.0,4.14,1129,Part-time,28.1
76,Anna,de Jong,Poland,Warsaw,Scooter,2.0,4.01,752,Freelance,37.9
77,Alessandro,Novak,Germany,Berlin,Scooter,1.1,3.7,603,Freelance,28.5
78,Anna,Korhonen,Poland,Warsaw,Bicycle,1.8,4.04,487,Full-time,17.8
79,Lars,Svoboda,Sweden,Stockholm,E-bike,3.2,3.97,1521,Full-time,23.1
80,Ana,Papadopoulos,France,Paris,Motorcycle,0.2,3.83,71,Full-time,40.1
81,Giulia,Ferrari,Denmark,Copenhagen,Car,1.4,3.47,619,Freelance,26.5
82,Giulia,Janssens,Norway,Oslo,E-bike,1.9,4.21,741,Full-time,21.1
83,Leon,Garcia,Spain,Madrid,Bicycle,0.0,3.66,5,Part-time,19.7
84,Matteo,Kowalski,Germany,Munich,Scooter,0.2,2.93,5,Part-time,37.4
85,Laura,Jensen,Belgium,Brussels,E-bike,0.1,4.02,5,Freelance,25.5
86,Kari,Nikolaou,Belgium,Brussels,Bicycle,5.5,4.1,2239,Freelance,18.4
87,Emma,de Jong,Czechia,Prague,Motorcycle,1.3,3.62,286,Full-time,43.9
88,Hugo,Weber,Germany,Frankfurt,Scooter,0.5,3.49,62,Full-time,39.6
89,Lars,Schmidt,Netherlands,Amsterdam,E-bike,1.8,3.87,709,Part-time,22.2
90,Sophie,Jensen,Spain,Barcelona,Scooter,1.9,3.55,793,Freelance,38.9
91,Bruno,Kowalski,Italy,Rome,Bicycle,0.6,3.51,294,Part-time,14.3
92,Marie,Hansen,Poland,Warsaw,E-bike,1.4,3.59,384,Part-time,19.8
93,Ana,de Jong,Sweden,Stockholm,E-bike,3.9,3.88,1242,Freelance,22.4
94,Helena,Weber,Italy,Naples,E-bike,2.1,3.66,879,Part-time,22.2
95,Erik,Muller,France,Toulouse,Motorcycle,4.2,4.19,1811,Full-time,39.3
96,Matteo,Lopez,Germany,Munich,Scooter,2.0,3.85,708,Freelance,34.4
97,Freja,Novak,Germany,Berlin,E-bike,0.7,3.76,94,Part-time,22.8
98,Lars,Svoboda,Denmark,Aarhus,Car,2.5,3.98,886,Freelance,32.4
99,Elena,Jansen,Sweden,Stockholm,E-bike,4.6,3.99,1807,Full-time,21.4
100,Leon,Gruber,Netherlands,Amsterdam,E-bike,0.4,3.38,117,Part-time,21.2
101,Julia,Kowalski,Italy,Naples,Car,1.1,4.15,629,Full-time,30.4
102,Jan,Jansen,Denmark,Copenhagen,E-bike,2.5,4.06,1089,Part-time,23.5
103,Jan,Muller,Spain,Barcelona,Scooter,2.7,4.25,1054,Full-time,38.0
104,Francesca,Wagner,Poland,Warsaw,Motorcycle,2.4,4.07,619,Part-time,37.7
105,Renata,Wagner,Sweden,Stockholm,Scooter,0.7,3.55,162,Full-time,28.1
106,Maria,Berg,Germany,Frankfurt,Car,12.0,4.09,4478,Full-time,33.3
107,Anna,Nowak,Italy,Rome,E-bike,2.2,3.49,724,Full-time,19.3
108,Freja,Andersson,Netherlands,Amsterdam,E-bike,7.6,4.44,2917,Part-time,23.8
109,Carlos,Nowak,Czechia,Prague,Bicycle,2.0,3.75,792,Part-time,15.9
110,Ville,Kowalski,Belgium,Brussels,Bicycle,0.1,3.5,5,Part-time,16.5
111,Felix,Berg,Netherlands,Amsterdam,E-bike,3.7,3.31,1527,Part-time,24.9
112,Alicja,Korhonen,Germany,Berlin,Bicycle,1.1,3.7,420,Part-time,16.5
113,Alessandro,Moreau,France,Lyon,Scooter,5.4,3.82,2106,Part-time,29.7
114,Lars,Novak,Greece,Athens,Bicycle,1.2,3.53,568,Full-time,18.5
115,Laura,Schmidt,Norway,Bergen,Bicycle,0.9,3.89,227,Part-time,14.1
116,Isabel,Jensen,France,Paris,E-bike,0.3,3.37,303,Freelance,20.9
117,Zofia,Wagner,Germany,Frankfurt,Motorcycle,1.1,3.47,397,Part-time,40.5
118,Sophie,Martin,Germany,Berlin,E-bike,1.7,3.8,873,Freelance,22.1
119,Ines,Bianchi,Finland,Helsinki,Motorcycle,0.6,3.87,94,Full-time,41.4
120,Carlos,Virtanen,Poland,Wroclaw,Bicycle,0.7,3.56,482,Part-time,16.3
121,Renata,Nielsen,Belgium,Antwerp,Bicycle,4.4,4.36,1536,Part-time,16.3
122,Bruno,Virtanen,Italy,Rome,Car,4.1,3.65,1940,Part-time,26.2
123,Isabel,Moreau,Netherlands,Amsterdam,Car,0.4,3.27,9,Part-time,32.6
124,Carlos,Hansen,Sweden,Gothenburg,Scooter,0.2,3.23,234,Full-time,28.2
125,Oskar,Berg,Greece,Athens,E-bike,0.0,3.19,5,Part-time,25.6
126,Piotr,Papadopoulos,Austria,Vienna,Motorcycle,3.1,3.96,1285,Part-time,38.3
127,Olav,Berg,France,Lyon,Scooter,1.3,3.47,488,Part-time,32.4
128,Carlos,Hansen,Greece,Thessaloniki,Bicycle,1.2,3.36,292,Full-time,18.4
129,Maria,Dubois,Germany,Munich,Bicycle,2.0,3.87,340,Full-time,16.3
130,Astrid,Wagner,Spain,Barcelona,Bicycle,4.4,4.2,2048,Freelance,17.7
131,Hugo,de Jong,France,Toulouse,Car,0.4,3.9,163,Full-time,32.8
132,Zofia,Ferrari,Germany,Berlin,Scooter,1.4,3.94,90,Full-time,38.2
133,Lars,Jensen,Netherlands,Rotterdam,E-bike,0.2,3.39,121,Full-time,22.6
134,Isabel,Svoboda,Poland,Warsaw,Bicycle,0.7,3.73,369,Part-time,18.3
135,Luis,Svoboda,Poland,Krakow,Bicycle,1.8,3.89,577,Part-time,16.4
136,Luis,Korhonen,Spain,Barcelona,Motorcycle,1.2,3.59,350,Freelance,43.3
137,Maria,Papadopoulos,Italy,Rome,Motorcycle,0.5,3.69,187,Part-time,36.0
138,Sara,Ricci,France,Lyon,Scooter,0.5,3.33,370,Full-time,28.5
139,Olav,Moreau,Poland,Wroclaw,Car,9.2,4.27,3511,Full-time,28.5
140,Nina,Papadopoulos,Portugal,Lisbon,Bicycle,0.1,3.7,257,Full-time,15.3
141,Alessandro,Ricci,Austria,Vienna,Scooter,2.6,4.21,1158,Part-time,36.7
142,Ana,Nielsen,Belgium,Brussels,E-bike,2.8,4.14,1030,Freelance,19.7
143,Sara,Kowalski,Spain,Barcelona,Bicycle,1.0,3.86,144,Full-time,14.1
144,Mikko,Gruber,Portugal,Porto,Scooter,2.5,3.84,916,Full-time,36.1
145,Ines,Bianchi,France,Paris,Motorcycle,4.9,4.02,1941,Part-time,40.0
146,Alessandro,de Jong,Germany,Berlin,Bicycle,1.6,3.38,617,Part-time,19.7
147,Nina,Sanchez,Denmark,Aarhus,Scooter,2.7,3.63,1121,Part-time,31.0
148,Jan,Virtanen,Greece,Athens,Motorcycle,2.3,3.61,1004,Part-time,35.5
149,Luis,Sanchez,Netherlands,Amsterdam,Motorcycle,0.4,3.78,232,Full-time,34.3
150,Bruno,Papadopoulos,Spain,Madrid,E-bike,0.1,3.85,5,Part-time,22.1
151,Clara,Nielsen,Belgium,Brussels,Bicycle,5.7,4.3,2244,Full-time,14.6
152,Noah,Ricci,Germany,Frankfurt,Car,0.4,3.93,487,Part-time,31.3
153,Mia,Moreau,Greece,Athens,Bicycle,2.8,3.87,841,Full-time,14.4
154,Eleni,Virtanen,Norway,Oslo,Bicycle,5.8,3.88,2277,Part-time,19.5
155,Ville,Janssens,Spain,Valencia,Bicycle,1.5,3.72,845,Freelance,17.2
156,Lars,Costa,Spain,Madrid,E-bike,3.1,3.7,1002,Part-time,23.9
157,Jan,Garcia,Belgium,Antwerp,Motorcycle,1.6,3.91,758,Full-time,35.6
158,Astrid,Jansen,France,Paris,Motorcycle,2.7,3.75,1196,Freelance,35.1
159,Elena,Fernandez,Austria,Graz,Scooter,2.5,3.8,728,Full-time,32.2
160,Maria,Ferrari,Denmark,Aarhus,Car,1.8,3.94,791,Freelance,28.2
161,Astrid,Kowalski,Italy,Naples,Motorcycle,0.1,3.42,5,Full-time,40.9
162,Mikko,Nielsen,Italy,Rome,Scooter,4.4,4.24,1663,Freelance,32.0
163,Lars,Lopez,Germany,Cologne,E-bike,0.2,3.28,27,Full-time,20.9
164,Ines,Lefevre,Italy,Naples,E-bike,0.2,3.69,273,Full-time,25.9
165,Kari,Nowak,Netherlands,Amsterdam,E-bike,0.4,3.61,135,Freelance,20.9
166,Maja,Schmidt,Poland,Warsaw,Scooter,1.1,3.91,349,Part-time,29.7
167,Sara,Nielsen,France,Lyon,E-bike,0.0,3.26,5,Full-time,21.5
168,Ana,Weber,Sweden,Gothenburg,Scooter,0.1,3.23,5,Full-time,31.6
169,Matteo,Janssens,Italy,Naples,Scooter,1.6,3.93,446,Full-time,33.1
170,Jan,Martin,Finland,Helsinki,E-bike,7.2,4.15,2665,Full-time,23.4
171,Renata,Berg,Austria,Vienna,Bicycle,8.1,4.31,3096,Part-time,17.6
172,Eva,Nielsen,Germany,Berlin,Bicycle,1.3,3.55,555,Part-time,18.2
173,Paul,Fernandez,Portugal,Lisbon,E-bike,3.2,4.12,1397,Freelance,20.1
174,Thomas,Muller,Norway,Bergen,Car,2.6,3.91,1024,Freelance,22.6
175,Liam,Svoboda,Germany,Munich,Car,2.2,3.86,765,Freelance,31.5
176,Oskar,Fernandez,Germany,Hamburg,Bicycle,8.7,4.09,3154,Part-time,15.3
177,Marco,Ricci,Italy,Milan,Bicycle,1.9,3.9,766,Part-time,15.9
178,Renata,Jansen,Greece,Athens,E-bike,3.6,3.68,1350,Part-time,22.2
179,Tomas,Nowak,France,Marseille,E-bike,2.2,3.63,823,Full-time,24.0
180,Henrik,Sanchez,Austria,Vienna,Motorcycle,2.1,3.45,837,Full-time,36.0
181,Paul,Kowalski,Italy,Turin,Scooter,3.8,3.9,1522,Freelance,38.8
182,Freja,Sanchez,Italy,Turin,Car,2.4,4.08,952,Part-time,25.9
183,Eleni,Jensen,Portugal,Porto,Bicycle,0.7,3.72,240,Full-time,19.9
184,Paul,Gruber,Belgium,Antwerp,Car,2.3,3.7,754,Part-time,25.4
185,Carlos,Svoboda,Poland,Warsaw,Motorcycle,3.2,3.92,1124,Full-time,42.7
186,Elena,Fernandez,Norway,Oslo,Scooter,9.8,4.51,3851,Part-time,32.5
187,Zofia,Moreau,Netherlands,The Hague,Car,4.9,4.06,1798,Full-time,32.0
188,Elena,Jansen,Finland,Helsinki,E-bike,2.0,3.82,558,Freelance,22.2
189,Leon,Meyer,Spain,Valencia,Bicycle,1.1,3.44,592,Part-time,19.2
190,Laura,Virtanen,Italy,Rome,E-bike,0.1,3.64,5,Part-time,24.3
191,Ana,Jansen,France,Marseille,Car,1.8,3.32,689,Part-time,29.0
192,Erik,Novak,Germany,Munich,Car,0.6,3.8,302,Freelance,25.0
193,Zofia,Garcia,Italy,Naples,Scooter,1.6,3.47,608,Freelance,31.1
194,Maja,Nielsen,France,Lyon,Motorcycle,3.4,4.2,920,Part-time,45.9
195,Jan,Dubois,France,Lyon,E-bike,4.9,3.43,1921,Full-time,25.5
196,Marie,Virtanen,Finland,Tampere,E-bike,3.0,4.29,1339,Part-time,20.0
197,Isabel,Ricci,France,Paris,Scooter,12.0,4.27,4678,Freelance,30.4
198,Bruno,Garcia,Sweden,Stockholm,E-bike,3.1,3.58,859,Freelance,19.7
199,Sophie,Silva,Spain,Madrid,Bicycle,2.3,3.88,1193,Part-time,15.2
200,Helena,Martin,Finland,Helsinki,Motorcycle,0.6,3.81,29,Part-time,37.5
201,Nina,Ferrari,Netherlands,Rotterdam,Scooter,3.6,3.85,1206,Full-time,38.1
202,Katarina,Weber,Czechia,Prague,E-bike,0.0,3.82,117,Full-time,19.7
203,Liam,Weber,France,Paris,Bicycle,5.3,3.88,2082,Full-time,19.3
204,Tomas,Berg,Greece,Athens,Bicycle,9.0,4.31,3432,Full-time,19.8
205,Ines,Silva,Spain,Seville,Motorcycle,2.3,3.73,789,Part-time,37.4
206,Paul,Papadopoulos,Spain,Barcelona,Car,6.4,4.04,2632,Full-time,27.5
207,Jan,Papadopoulos,Sweden,Stockholm,Bicycle,1.5,3.25,564,Part-time,17.2
208,Hugo,Silva,Germany,Berlin,Motorcycle,0.2,3.61,5,Part-time,36.5
209,Aino,Sanchez,Italy,Rome,Motorcycle,0.6,3.63,413,Full-time,42.8
210,Liam,Moreau,Czechia,Brno,Car,0.6,3.92,261,Part-time,29.0
211,Katerina,Gruber,Netherlands,Rotterdam,Motorcycle,3.7,3.61,1573,Full-time,35.3
212,Wojciech,Jensen,Spain,Barcelona,Scooter,1.9,3.61,808,Full-time,38.8
213,Oskar,Ferrari,Austria,Vienna,Motorcycle,2.9,4.16,1461,Freelance,37.6
214,Henrik,Costa,Belgium,Antwerp,Scooter,5.3,4.15,1968,Full-time,29.9
215,Freja,Moreau,Italy,Rome,Bicycle,0.3,3.76,116,Full-time,19.9
216,Aino,Jansen,Italy,Rome,E-bike,0.2,3.73,184,Part-time,19.7
217,Wojciech,Lefevre,Belgium,Brussels,E-bike,2.9,3.98,1056,Full-time,19.4
218,Emma,Silva,Portugal,Porto,Scooter,0.6,4.11,348,Full-time,30.9
219,Leon,Papadopoulos,Greece,Athens,Motorcycle,3.5,3.94,888,Part-time,37.8
220,Ines,Svoboda,France,Lyon,Scooter,3.4,3.65,1281,Part-time,33.2
221,Liam,Gruber,Czechia,Brno,E-bike,4.3,4.15,1619,Part-time,23.8
222,Noah,Kowalski,Italy,Rome,Car,4.6,3.87,1727,Freelance,26.4
223,Noah,Silva,Germany,Berlin,Bicycle,4.7,4.0,1654,Full-time,17.4
224,Wojciech,Korhonen,Netherlands,Rotterdam,Bicycle,4.7,4.12,1922,Part-time,14.0
225,Peter,Moreau,Denmark,Aarhus,Car,5.5,3.89,2014,Full-time,26.6
226,Isabel,Jensen,Austria,Vienna,Car,7.8,4.17,2994,Full-time,33.3
227,Astrid,de Jong,Spain,Madrid,Scooter,1.1,3.82,412,Freelance,37.3
228,Karl,Korhonen,Germany,Cologne,Scooter,7.5,4.14,2925,Part-time,36.9
229,Dimitris,Kowalski,France,Marseille,Scooter,2.8,4.1,1279,Full-time,31.7
230,Tomas,Weber,Belgium,Brussels,Motorcycle,0.4,3.39,181,Part-time,39.9
231,Hugo,de Jong,Belgium,Brussels,Motorcycle,0.9,3.43,468,Full-time,44.1
232,Hugo,Svoboda,Poland,Warsaw,Bicycle,0.9,4.16,364,Part-time,19.3
233,Ana,Novak,Portugal,Lisbon,Motorcycle,0.2,3.24,5,Full-time,42.5
234,Nina,Ferrari,Poland,Warsaw,Scooter,2.3,3.8,853,Freelance,33.5
235,Erik,Garcia,Germany,Cologne,Bicycle,4.9,4.5,1819,Full-time,14.4
236,Francesca,Nielsen,Poland,Krakow,Bicycle,0.3,3.62,199,Full-time,14.7
237,Ines,Lopez,Poland,Wroclaw,Bicycle,10.2,4.85,3892,Freelance,14.0
238,Noah,Janssens,Netherlands,Amsterdam,Car,2.6,4.0,869,Freelance,26.3
239,Liam,Svoboda,France,Paris,E-bike,2.0,3.78,727,Full-time,19.2
240,Piotr,Jansen,Sweden,Gothenburg,Motorcycle,1.8,3.73,455,Part-time,39.2
241,Ines,Wagner,Germany,Berlin,Bicycle,1.6,3.21,580,Freelance,17.6
242,Lucas,Lefevre,Italy,Rome,Motorcycle,0.5,3.57,190,Part-time,41.2
243,Freja,Janssens,Austria,Vienna,E-bike,3.2,3.95,1487,Part-time,22.9
244,Zofia,Ricci,Italy,Rome,Car,1.2,3.77,658,Part-time,24.7
245,Bruno,Jensen,Germany,Berlin,E-bike,0.3,4.24,5,Freelance,22.6
246,Mia,Nowak,Austria,Vienna,Motorcycle,5.9,4.2,2272,Part-time,45.8
247,Julia,Nikolaou,Germany,Cologne,Motorcycle,0.4,3.79,185,Full-time,39.3
248,Alicja,Schmidt,Spain,Madrid,E-bike,10.8,4.86,4069,Part-time,25.1
249,Katarina,Meyer,France,Lyon,Car,1.9,3.91,697,Part-time,26.6
250,Luis,Hansen,Portugal,Lisbon,E-bike,0.6,3.63,175,Part-time,23.4
251,Katerina,Sanchez,Italy,Milan,Car,6.5,4.16,2751,Full-time,27.8
252,Renata,Wagner,Portugal,Lisbon,Bicycle,2.6,3.75,926,Part-time,18.1
253,Alessandro,Kowalski,Austria,Vienna,Scooter,0.1,3.72,89,Part-time,38.8
254,Helena,Peeters,Denmark,Copenhagen,Car,1.2,3.67,77,Freelance,27.3
255,Peter,Sanchez,Sweden,Stockholm,Motorcycle,2.7,4.0,1150,Full-time,43.1
256,Helena,Dubois,Germany,Frankfurt,Scooter,3.8,3.69,1622,Part-time,38.6
257,Maria,Andersson,Spain,Madrid,E-bike,5.2,4.1,1818,Part-time,24.5
258,Felix,Costa,Norway,Oslo,Motorcycle,0.2,4.01,5,Full-time,34.3
259,Sophie,Virtanen,Austria,Graz,E-bike,2.0,3.72,828,Part-time,19.0
260,Ingrid,Lefevre,France,Marseille,Car,7.4,4.73,2815,Full-time,32.6
261,Nina,Korhonen,Spain,Valencia,E-bike,1.7,3.79,716,Freelance,24.1
262,Anna,Schmidt,Sweden,Stockholm,Bicycle,0.5,3.63,147,Part-time,19.7
263,Mikko,Wagner,Italy,Turin,Car,6.8,4.24,2863,Full-time,25.5
264,Alicja,Schmidt,Austria,Vienna,E-bike,3.4,3.83,1192,Part-time,24.5
265,Maria,Novak,Germany,Munich,Scooter,4.3,3.49,2038,Freelance,37.6
266,Aino,Rossi,France,Marseille,E-bike,2.9,4.08,1288,Full-time,25.0
267,Ines,Hansen,Spain,Madrid,Car,1.0,4.24,505,Freelance,30.3
268,Henrik,Andersson,Belgium,Antwerp,Motorcycle,2.7,3.96,870,Full-time,35.7
269,Luis,Jansen,Norway,Bergen,Car,0.5,3.78,326,Full-time,30.2
270,Luis,Bianchi,Sweden,Stockholm,E-bike,2.0,3.73,851,Part-time,23.2
271,Paul,Papadopoulos,Poland,Warsaw,E-bike,2.4,4.11,594,Full-time,21.3
272,Aino,Nielsen,Portugal,Porto,E-bike,0.4,3.63,5,Freelance,20.5
273,Thomas,Janssens,France,Paris,E-bike,0.3,3.69,168,Part-time,25.2
274,Matteo,de Jong,Germany,Munich,Bicycle,0.8,3.28,284,Part-time,14.9
275,Henrik,Jensen,Netherlands,Amsterdam,Bicycle,0.7,3.53,189,Part-time,16.5
276,Noah,Lopez,France,Marseille,Scooter,3.3,3.99,1416,Part-time,35.5
277,Oskar,Sanchez,Germany,Frankfurt,Motorcycle,2.4,4.04,779,Part-time,45.7
278,Erik,Nikolaou,Poland,Warsaw,E-bike,0.7,3.9,198,Part-time,23.7
279,Paul,Muller,France,Marseille,Scooter,1.0,3.3,283,Freelance,31.7
280,Marie,Moreau,Italy,Naples,Scooter,1.7,3.38,723,Part-time,28.7
281,Oskar,Costa,Netherlands,Amsterdam,E-bike,0.1,3.76,5,Full-time,21.2
282,Eleni,Muller,Italy,Rome,Motorcycle,3.7,3.75,1331,Part-time,37.5
283,Renata,Nilsson,France,Paris,Motorcycle,0.6,3.88,5,Part-time,43.8
284,Mikko,Nowak,Italy,Naples,Car,0.5,3.24,143,Full-time,26.5
285,Marco,Garcia,Greece,Athens,Bicycle,1.9,3.75,830,Part-time,14.6
286,Paul,Silva,Poland,Warsaw,E-bike,1.5,3.73,681,Full-time,25.1
287,Julia,Ricci,Sweden,Stockholm,Motorcycle,2.4,3.94,803,Full-time,34.2
288,Katarina,Kowalski,Netherlands,Amsterdam,Car,7.5,4.02,2930,Freelance,22.0
289,Sara,Papadopoulos,Germany,Berlin,E-bike,1.1,3.21,390,Freelance,22.3
290,Tomas,Korhonen,Germany,Munich,Scooter,5.9,4.17,2446,Full-time,28.8
291,Sophie,Muller,Poland,Warsaw,Motorcycle,0.3,3.76,95,Freelance,36.1
292,Maria,Rossi,Belgium,Antwerp,Car,9.5,4.71,3164,Freelance,33.8
293,Liam,Nielsen,Germany,Hamburg,Scooter,0.1,3.52,172,Freelance,38.1
294,Maria,Lopez,Poland,Wroclaw,E-bike,0.4,3.83,83,Full-time,24.3
295,Anna,Schmidt,Italy,Rome,Motorcycle,1.9,3.89,681,Full-time,42.0
296,Elena,Peeters,Greece,Athens,Scooter,2.5,4.16,1000,Part-time,28.6
297,Hugo,Garcia,France,Marseille,Bicycle,2.1,3.78,584,Part-time,19.0
298,Lars,Novak,Germany,Munich,E-bike,4.2,3.55,1607,Part-time,22.3
299,Francesca,Gruber,Italy,Rome,E-bike,9.7,4.46,3766,Part-time,19.7
300,Maria,Rossi,France,Paris,Scooter,0.1,3.63,93,Freelance,31.6
301,Julia,Lefevre,Denmark,Copenhagen,Motorcycle,0.3,3.76,24,Freelance,40.0
302,Nina,Papadopoulos,Spain,Barcelona,E-bike,0.0,3.22,149,Part-time,19.1
303,Felix,Andersson,Italy,Turin,E-bike,0.5,3.57,40,Freelance,20.8
304,Bruno,Nikolaou,Portugal,Porto,Motorcycle,0.6,3.87,134,Freelance,38.0
305,Lars,Jansen,Greece,Thessaloniki,Bicycle,4.9,4.01,1842,Full-time,16.8
306,Marie,Weber,Netherlands,The Hague,Scooter,0.1,3.53,82,Freelance,28.0
307,Marie,Wagner,Poland,Krakow,Scooter,1.2,4.18,407,Full-time,34.8
308,Karl,Gruber,Poland,Warsaw,E-bike,0.9,3.41,526,Full-time,20.4
309,Jan,Nilsson,Denmark,Copenhagen,Motorcycle,1.8,4.07,728,Freelance,41.2
310,Oskar,Nilsson,Spain,Valencia,Bicycle,0.3,3.88,125,Part-time,15.4
311,Helena,Nielsen,Germany,Berlin,Motorcycle,1.8,3.71,723,Part-time,38.8
312,Julia,Sanchez,Germany,Frankfurt,Motorcycle,1.0,3.68,490,Freelance,41.5
313,Isabel,de Jong,Germany,Berlin,E-bike,3.3,3.89,1290,Full-time,23.6
314,Dimitris,Hansen,Germany,Berlin,Motorcycle,2.9,3.91,831,Full-time,34.4
315,Alessandro,Ricci,France,Marseille,E-bike,9.1,4.27,3621,Full-time,22.7
316,Carlos,Costa,Greece,Thessaloniki,Car,1.1,3.59,436,Part-time,31.8
317,Nikos,Novak,Spain,Valencia,E-bike,4.0,3.87,1623,Full-time,20.4
318,Paul,Svoboda,Poland,Warsaw,Car,0.1,3.53,5,Full-time,28.4
319,Zofia,Virtanen,Germany,Berlin,Bicycle,0.4,3.56,5,Freelance,16.7
320,Paul,Fernandez,France,Lyon,Motorcycle,0.3,3.07,5,Full-time,44.2
321,Hugo,Sanchez,Italy,Turin,E-bike,11.8,4.69,4342,Part-time,22.1
322,Emma,Nilsson,Greece,Athens,E-bike,0.1,3.48,116,Full-time,25.6
323,Liam,Jensen,Spain,Barcelona,Bicycle,0.6,3.19,423,Part-time,17.9
324,Sara,Papadopoulos,Czechia,Prague,Bicycle,1.9,3.68,767,Part-time,17.4
325,Mikko,Hansen,Italy,Naples,Bicycle,1.5,3.64,412,Part-time,15.8
326,Elena,Kowalski,Germany,Berlin,Bicycle,0.5,3.96,72,Full-time,17.6
327,Anna,Novak,Poland,Wroclaw,Motorcycle,9.5,4.32,3814,Full-time,35.6
328,Ana,Silva,Finland,Helsinki,E-bike,0.2,3.78,5,Full-time,21.9
329,Maria,Nilsson,Germany,Hamburg,Bicycle,1.2,4.05,771,Full-time,15.7
330,Maria,Ricci,Czechia,Brno,Car,3.0,3.71,1421,Part-time,30.0
331,Anna,Virtanen,Sweden,Stockholm,Scooter,0.8,3.66,624,Full-time,37.2
332,Jan,Wagner,France,Paris,Bicycle,2.6,4.27,1045,Full-time,19.6
333,Karl,Silva,France,Lyon,Scooter,0.4,3.69,101,Full-time,30.7
334,Olav,Novak,Poland,Krakow,Scooter,0.8,3.77,357,Freelance,38.6
335,Alessandro,Weber,Italy,Naples,Motorcycle,0.1,3.51,174,Part-time,44.2
336,Mikko,Nilsson,Finland,Helsinki,Motorcycle,1.1,3.87,320,Part-time,44.3
337,Carlos,Janssens,Spain,Madrid,Scooter,0.0,3.59,5,Part-time,36.9
338,Oskar,Nowak,Germany,Frankfurt,Car,4.2,3.52,1553,Full-time,25.2
339,Maria,Jensen,France,Paris,Scooter,0.6,3.57,112,Full-time,38.5
340,Maja,Fernandez,Norway,Oslo,Car,0.2,3.32,262,Full-time,29.2
341,Elena,Nilsson,Germany,Frankfurt,Motorcycle,0.5,3.67,98,Part-time,42.9
342,Luis,Schmidt,Germany,Frankfurt,Motorcycle,2.6,3.6,1002,Full-time,36.5
343,Clara,Bianchi,Czechia,Prague,Scooter,1.2,3.83,603,Full-time,29.9
344,Nina,Nielsen,Czechia,Prague,Scooter,7.5,4.29,3042,Freelance,31.3
345,Lars,Garcia,Sweden,Stockholm,Bicycle,0.4,3.32,183,Part-time,17.1
346,Sophie,Nowak,Netherlands,Amsterdam,Bicycle,2.2,3.67,894,Full-time,16.5
347,Marie,Ferrari,Poland,Krakow,E-bike,0.7,3.82,113,Freelance,25.2
348,Sara,Lefevre,France,Lyon,E-bike,5.5,4.38,2243,Full-time,19.1
349,Isabel,Fernandez,Belgium,Brussels,Car,2.1,3.56,988,Full-time,23.0
350,Astrid,de Jong,Netherlands,Amsterdam,Scooter,6.6,3.92,2227,Full-time,31.9
