item_id,restaurant_id,item_name,category,price_eur,preparation_time_minutes,calories,vegetarian,popularity_score
1,1,Chinese Rice Bowl,Main,9.48,20,735,0,58.3
2,1,Hummus Plate,Starter,3.58,7,272,0,48.2
3,1,Coffee,Drink,2.59,2,102,0,58.9
4,1,Hummus Plate,Starter,3.4,10,138,1,57.5
5,1,Cheesecake,Dessert,4.82,7,291,0,85.7
6,1,Soup,Starter,3.03,7,210,0,40.3
7,1,Chinese Curry,Main,7.71,23,600,0,58.7
8,1,Iced Tea,Drink,2.34,4,79,1,67.5
9,1,Salad,Starter,3.1,8,259,0,65.8
10,1,Brownie,Dessert,3.42,8,386,1,35.0
11,1,Fruit Tart,Dessert,3.68,7,513,1,81.5
12,1,Lemonade,Drink,2.3,4,74,1,78.4
13,1,Garlic Bread,Starter,3.65,7,177,1,74.2
14,1,Fresh Juice,Drink,2.2,2,93,0,78.6
15,1,Chinese Burger,Main,7.57,17,661,0,52.0
16,1,Chinese Curry,Main,9.21,24,397,0,50.1
17,1,Chinese Pasta,Main,9.03,17,780,0,53.0
18,1,Chinese Steak,Main,8.67,22,619,0,71.7
19,1,Chinese Tacos,Main,7.75,23,656,0,58.0
20,1,Dumplings,Starter,2.13,8,160,0,91.5
21,2,Greek Steak,Main,13.48,18,520,0,73.2
22,2,Greek Stir Fry,Main,14.45,18,734,0,20.2
23,2,Cheesecake,Dessert,6.74,7,420,0,89.1
24,2,Tiramisu,Dessert,6.94,6,332,0,68.2
25,2,Cheesecake,Dessert,6.5,4,345,0,46.4
26,2,Bruschetta,Starter,6.03,10,182,0,83.3
27,2,Rice,Side,4.3,7,270,0,81.0
28,2,Salad,Starter,5.69,6,305,0,53.8
29,2,Sparkling Water,Drink,4.59,2,115,1,49.0
30,2,Fruit Tart,Dessert,7.04,11,324,1,58.2
31,2,Greek Pasta,Main,11.28,20,650,1,54.1
32,2,Greek Tacos,Main,14.36,19,631,1,46.5
33,2,Lemonade,Drink,4.41,3,65,1,65.7
34,2,Fruit Tart,Dessert,7.53,10,390,1,35.1
35,2,Soup,Starter,6.04,6,217,1,64.5
36,2,Fresh Juice,Drink,4.01,2,73,1,80.0
37,2,Bruschetta,Starter,5.96,7,206,0,64.7
38,2,Greek Pasta,Main,18.89,20,695,1,41.2
39,3,French Curry,Main,14.91,29,847,0,39.9
40,3,Soup,Starter,5.21,9,256,1,59.8
41,3,Cheesecake,Dessert,6.46,9,447,0,46.6
42,3,French Tacos,Main,11.41,26,718,0,41.6
43,3,Tiramisu,Dessert,5.99,4,413,0,49.2
44,3,Dumplings,Starter,5.5,6,209,0,49.6
45,3,French Curry,Main,9.55,22,596,1,47.7
46,3,Onion Rings,Side,3.21,6,399,1,60.1
47,3,Dumplings,Starter,5.08,9,295,0,50.5
48,3,French Stir Fry,Main,12.9,22,590,0,62.3
49,3,Bruschetta,Starter,4.8,9,149,0,44.4
50,3,Bruschetta,Starter,6.92,10,214,0,44.4
51,3,French Ramen,Main,14.93,22,618,0,46.0
52,3,Garlic Bread,Starter,4.96,10,195,0,74.4
53,3,French Pasta,Main,9.88,24,657,1,73.6
54,3,Fries,Side,3.85,5,298,0,60.2
55,4,Mexican Curry,Main,4.22,19,500,0,56.9
56,4,Tiramisu,Dessert,3.48,5,349,0,58.7
57,4,Mexican Tacos,Main,7.22,18,500,1,62.2
58,4,Coffee,Drink,2.35,4,108,0,76.9
59,4,Rice,Side,3.26,6,221,0,91.8
60,5,Hummus Plate,Starter,3.52,7,204,0,56.7
61,5,Tiramisu,Dessert,5.05,2,391,0,41.3
62,5,Japanese Pizza,Main,12.49,19,370,0,28.5
63,5,Japanese Grilled Chicken,Main,13.19,18,599,0,53.6
64,5,Side Salad,Side,4.36,8,180,0,59.9
65,5,Sparkling Water,Drink,4.22,2,95,1,80.9
66,5,Japanese Stir Fry,Main,13.94,22,428,0,9.9
67,5,Baklava,Dessert,6.64,7,448,1,50.3
68,5,Bruschetta,Starter,6.5,11,255,0,79.0
69,5,Bruschetta,Starter,5.14,7,214,1,59.1
70,5,Hummus Plate,Starter,6.17,9,283,1,88.2
71,5,Soup,Starter,4.09,6,193,0,67.2
72,5,Ice Cream,Dessert,5.23,3,466,0,81.8
73,5,Japanese Pasta,Main,13.85,15,488,1,38.8
74,6,Salad,Starter,4.71,13,141,0,65.8
75,6,Greek Ramen,Main,15.31,20,741,1,33.7
76,6,Greek Ramen,Main,10.91,21,441,1,50.8
77,6,Ice Cream,Dessert,5.32,3,306,0,58.2
78,6,Greek Grilled Chicken,Main,10.5,20,472,1,56.6
79,6,Greek Burger,Main,12.68,18,606,0,43.5
80,6,Lemonade,Drink,4.24,2,109,1,73.3
81,6,Greek Curry,Main,13.39,19,492,1,36.0
82,6,Greek Burger,Main,10.14,20,458,0,34.5
83,6,Coffee,Drink,3.26,2,69,1,51.5
84,7,Brownie,Dessert,5.08,8,347,0,41.0
85,7,Salad,Starter,4.72,6,230,0,69.5
86,7,French Steak,Main,10.93,25,516,0,48.4
87,7,Baklava,Dessert,5.49,7,374,0,45.1
88,7,French Pasta,Main,12.86,22,696,0,33.2
89,7,Hummus Plate,Starter,4.3,10,134,0,65.2
90,7,French Burger,Main,13.76,23,849,0,48.5
91,7,French Stir Fry,Main,13.63,23,741,0,55.2
92,7,French Burger,Main,13.34,24,799,0,64.1
93,7,Coffee,Drink,3.73,2,104,0,71.6
94,7,French Grilled Chicken,Main,10.83,28,487,1,60.9
95,7,French Rice Bowl,Main,11.32,21,576,1,36.4
96,7,French Grilled Chicken,Main,10.8,27,618,0,71.6
97,7,French Stir Fry,Main,13.81,23,491,1,44.6
98,8,Side Salad,Side,2.78,8,267,1,72.4
99,8,Bruschetta,Starter,3.83,8,342,1,78.0
100,8,Coffee,Drink,2.58,2,98,1,46.2
101,8,Bread Basket,Side,2.38,8,336,1,74.8
102,8,Lemonade,Drink,2.59,2,81,1,79.0
103,8,Iced Tea,Drink,2.82,2,88,1,90.2
104,8,Vegan Steak,Main,9.08,21,637,1,41.5
105,8,Ice Cream,Dessert,4.31,6,520,1,75.2
106,8,Vegan Grilled Chicken,Main,9.96,21,820,1,44.2
107,8,Vegan Ramen,Main,9.23,20,658,1,40.3
108,8,Fries,Side,3.04,10,279,1,59.7
109,9,Dumplings,Starter,3.07,11,300,1,81.0
110,9,Tiramisu,Dessert,4.61,7,405,1,70.9
111,9,Fruit Tart,Dessert,4.33,5,436,1,85.2
112,9,Vegan Curry,Main,8.18,21,566,1,35.9
113,9,Vegan Steak,Main,10.06,19,652,1,42.7
114,9,Hummus Plate,Starter,3.96,8,168,1,58.9
115,9,Vegan Stir Fry,Main,9.31,20,664,1,56.6
116,9,Fresh Juice,Drink,2.33,3,72,1,99.0
117,9,Vegan Tacos,Main,8.21,20,724,1,49.4
118,9,Fruit Tart,Dessert,3.9,4,413,1,39.5
119,9,Tiramisu,Dessert,4.93,8,429,1,36.1
120,9,Brownie,Dessert,4.71,14,471,1,78.1
121,9,Baklava,Dessert,4.21,4,456,1,47.1
122,9,Fruit Tart,Dessert,3.15,8,376,1,67.2
123,9,Vegan Grilled Chicken,Main,8.56,18,563,1,45.6
124,9,Garlic Bread,Starter,3.24,6,245,1,75.4
125,10,Japanese Rice Bowl,Main,10.66,20,638,1,69.3
126,10,Japanese Steak,Main,11.74,19,621,0,20.5
127,10,Side Salad,Side,3.98,6,199,1,81.5
128,10,Bruschetta,Starter,5.58,4,251,1,67.2
129,10,Lemonade,Drink,4.9,2,50,0,69.5
130,10,Hummus Plate,Starter,4.65,5,204,1,70.5
131,10,Japanese Steak,Main,13.06,19,551,0,46.5
132,10,Dumplings,Starter,5.85,8,175,0,54.4
133,10,Japanese Tacos,Main,18.23,17,596,0,31.0
134,10,Coffee,Drink,3.62,2,105,0,85.9
135,10,Spring Rolls,Starter,5.58,8,222,1,48.1
136,10,Soup,Starter,5.87,8,164,0,31.9
137,11,Ice Cream,Dessert,8.58,4,432,0,31.2
138,11,Italian Stir Fry,Main,13.67,21,602,0,22.8
139,11,Italian Pasta,Main,20.48,20,715,0,21.3
140,11,Italian Burger,Main,10.82,21,493,0,40.8
141,11,Coffee,Drink,3.53,2,50,1,63.6
142,11,Italian Grilled Chicken,Main,18.63,19,619,0,33.5
143,11,Side Salad,Side,5.78,12,322,0,86.2
144,11,Italian Ramen,Main,18.76,22,669,0,7.2
145,11,Salad,Starter,6.48,5,148,0,42.3
146,11,Italian Pizza,Main,15.5,20,532,1,39.7
147,11,Garlic Bread,Starter,6.62,6,212,0,73.3
148,11,Italian Stir Fry,Main,13.94,18,565,0,42.0
149,11,Italian Ramen,Main,16.62,18,638,0,54.6
150,11,Fresh Juice,Drink,3.78,2,70,1,62.4
151,11,Italian Pizza,Main,15.3,23,823,0,51.1
152,11,Italian Pasta,Main,14.13,21,426,0,51.5
153,12,Cheesecake,Dessert,5.62,6,381,0,37.9
154,12,Garlic Bread,Starter,5.29,13,203,0,99.0
155,12,Chinese Rice Bowl,Main,13.31,20,522,1,28.0
156,12,Dumplings,Starter,4.92,8,157,0,58.0
157,12,Chinese Pasta,Main,10.58,23,584,0,63.5
158,12,Fries,Side,2.76,8,274,0,64.8
159,12,Chinese Pizza,Main,9.81,20,473,0,54.7
160,12,Bread Basket,Side,3.61,10,333,0,48.1
161,12,Hummus Plate,Starter,4.15,9,188,0,53.5
162,12,Chinese Curry,Main,13.39,19,651,1,47.0
163,12,Onion Rings,Side,4.19,7,185,0,66.0
164,12,Sparkling Water,Drink,3.85,2,109,0,68.0
165,12,Chinese Grilled Chicken,Main,12.33,21,601,0,77.6
166,12,Cheesecake,Dessert,7.24,3,272,0,58.1
167,13,Dumplings,Starter,3.71,8,313,0,57.8
168,13,Cheesecake,Dessert,5.56,4,360,0,61.9
169,13,Hummus Plate,Starter,4.96,6,268,0,97.0
170,13,Hummus Plate,Starter,4.19,9,205,0,60.0
171,13,Chinese Burger,Main,10.0,17,641,0,46.8
172,13,Side Salad,Side,3.36,6,275,1,65.4
173,13,Chinese Pasta,Main,10.49,18,685,0,48.5
174,14,Spanish Burger,Main,9.21,22,676,0,64.8
175,14,Spanish Ramen,Main,10.68,24,637,0,50.5
176,14,Garlic Bread,Starter,4.05,7,246,0,71.9
177,14,Sparkling Water,Drink,2.87,2,100,1,68.7
178,14,Spring Rolls,Starter,5.79,8,194,1,80.0
179,14,Brownie,Dessert,4.26,4,406,0,73.0
180,14,Lemonade,Drink,2.76,2,96,1,82.9
181,14,Spanish Pasta,Main,9.98,18,631,0,25.2
182,14,Garlic Bread,Starter,4.61,11,164,0,56.8
183,14,Spanish Pizza,Main,9.51,21,482,0,48.5
184,14,Spanish Pasta,Main,8.23,22,596,0,59.8
185,15,Tiramisu,Dessert,5.41,7,364,1,66.6
186,15,Bruschetta,Starter,4.76,9,141,1,45.6
187,15,Rice,Side,3.91,7,322,1,71.1
188,15,Bread Basket,Side,3.57,13,212,0,78.4
189,15,Local cuisine Burger,Main,13.2,21,738,1,69.4
190,15,Ice Cream,Dessert,6.4,2,399,0,67.8
191,15,Local cuisine Pizza,Main,12.42,21,512,0,44.5
192,15,Local cuisine Burger,Main,13.62,20,484,0,83.9
193,15,Coffee,Drink,4.03,2,91,1,61.2
194,15,Onion Rings,Side,3.62,8,216,1,63.9
195,15,Local cuisine Pasta,Main,10.19,22,449,0,43.0
196,15,Tiramisu,Dessert,4.84,2,336,0,74.1
197,15,Cheesecake,Dessert,7.23,9,394,1,81.9
198,15,Local cuisine Curry,Main,10.69,19,487,0,47.1
199,16,Spring Rolls,Starter,5.62,9,281,0,62.1
200,16,Bruschetta,Starter,5.34,8,218,0,63.8
201,16,Salad,Starter,6.08,9,168,0,80.6
202,16,Sparkling Water,Drink,4.25,5,69,1,56.3
203,16,Iced Tea,Drink,4.2,2,59,0,74.4
204,16,Chinese Ramen,Main,15.68,20,703,1,36.5
205,16,Sparkling Water,Drink,4.08,5,93,0,65.4
206,17,Garlic Bread,Starter,4.12,6,254,1,79.4
207,17,French Pizza,Main,9.81,20,673,0,44.0
208,17,French Steak,Main,9.71,24,409,0,48.9
209,17,French Tacos,Main,8.81,23,750,0,56.4
210,17,Spring Rolls,Starter,3.73,6,193,1,68.1
211,17,French Tacos,Main,8.73,25,765,0,54.4
212,17,Hummus Plate,Starter,3.41,9,196,0,85.0
213,17,Tiramisu,Dessert,5.12,2,268,0,57.5
214,17,Sparkling Water,Drink,2.95,3,72,1,47.0
215,17,Side Salad,Side,3.77,8,234,1,98.1
216,18,Tiramisu,Dessert,5.26,4,309,1,34.1
217,18,Spring Rolls,Starter,4.4,6,225,1,51.4
218,18,Vegan Burger,Main,11.07,20,581,1,33.9
219,18,Soft Drink,Drink,3.28,4,92,1,56.3
220,18,Vegan Pizza,Main,8.23,20,598,1,41.5
221,18,Spring Rolls,Starter,4.31,7,264,1,79.8
222,18,Vegan Rice Bowl,Main,10.96,19,755,1,52.3
223,18,Vegan Curry,Main,12.05,21,572,1,68.4
224,18,Fresh Juice,Drink,2.82,2,112,1,60.0
225,18,Ice Cream,Dessert,6.17,5,322,1,69.6
226,18,Fries,Side,4.25,8,231,1,62.4
227,19,Sparkling Water,Drink,3.27,4,92,0,85.6
228,19,Hummus Plate,Starter,6.75,6,229,0,44.7
229,19,Dumplings,Starter,6.79,12,210,1,59.3
230,19,Spanish Pasta,Main,9.47,21,555,1,47.7
231,19,Spanish Curry,Main,17.7,19,753,0,36.4
232,19,Spanish Pizza,Main,10.29,19,768,0,56.9
233,19,Baklava,Dessert,6.43,10,347,0,61.1
234,19,Spanish Steak,Main,11.31,20,599,0,67.7
235,19,Bread Basket,Side,4.66,9,242,0,62.9
236,19,Spanish Stir Fry,Main,13.47,18,806,0,66.5
237,19,Garlic Bread,Starter,5.68,9,245,1,66.1
238,20,Italian Pizza,Main,12.71,19,818,0,25.7
239,20,Italian Stir Fry,Main,14.63,17,399,0,45.1
240,20,Bread Basket,Side,3.88,4,214,0,45.2
241,20,Brownie,Dessert,6.21,5,394,0,65.4
242,20,Soft Drink,Drink,3.38,2,94,0,74.9
243,20,Fresh Juice,Drink,3.64,3,67,1,48.3
244,20,Italian Burger,Main,10.31,18,719,0,37.5
245,20,Rice,Side,4.72,9,320,0,59.1
246,20,Italian Steak,Main,11.8,20,581,0,57.4
247,21,Salad,Starter,5.04,9,149,0,63.6
248,21,Tiramisu,Dessert,5.29,6,396,0,58.7
249,21,Chinese Tacos,Main,12.24,19,516,0,30.6
250,21,Chinese Grilled Chicken,Main,9.86,23,645,0,20.3
251,21,Rice,Side,3.52,7,243,0,67.5
252,21,Chinese Tacos,Main,10.91,22,620,0,47.5
253,21,Dumplings,Starter,4.8,6,245,0,66.0
254,21,Bruschetta,Starter,3.89,11,158,1,90.2
255,21,Hummus Plate,Starter,4.69,5,164,0,65.0
256,21,Chinese Tacos,Main,8.41,18,545,0,85.0
257,21,Cheesecake,Dessert,4.06,4,294,1,63.3
258,21,Chinese Stir Fry,Main,9.83,18,688,0,60.6
259,21,Garlic Bread,Starter,4.19,7,161,0,73.8
260,21,Brownie,Dessert,5.58,6,439,0,58.2
261,22,Mediterranean Steak,Main,11.48,22,486,1,48.0
262,22,Mediterranean Ramen,Main,10.68,21,684,1,53.1
263,22,Baklava,Dessert,5.04,5,254,0,75.4
264,22,Salad,Starter,5.65,9,217,1,53.4
265,22,Mediterranean Rice Bowl,Main,9.26,19,669,0,61.4
266,22,Salad,Starter,3.81,8,256,1,72.5
267,22,Mediterranean Ramen,Main,11.56,21,442,1,32.2
268,22,Dumplings,Starter,4.66,8,209,1,69.5
269,22,Mediterranean Curry,Main,13.77,23,693,1,45.9
270,23,Chinese Stir Fry,Main,9.97,19,561,0,82.5
271,23,Chinese Pasta,Main,12.23,22,601,0,45.6
272,23,Salad,Starter,4.74,7,201,0,78.9
273,23,Garlic Bread,Starter,4.5,6,207,0,64.1
274,23,Chinese Grilled Chicken,Main,10.45,20,704,1,33.1
275,23,Salad,Starter,4.29,9,289,0,71.7
276,23,Rice,Side,3.36,9,347,0,72.2
277,23,Chinese Pasta,Main,14.75,19,926,0,62.6
278,23,Chinese Ramen,Main,12.27,23,509,0,15.3
279,23,Onion Rings,Side,3.37,5,268,0,91.0
280,23,Chinese Grilled Chicken,Main,11.8,22,606,1,52.5
281,23,Chinese Steak,Main,8.69,18,672,0,44.0
282,23,Onion Rings,Side,3.42,9,276,1,54.7
283,23,Chinese Curry,Main,11.21,19,726,0,78.5
284,24,Fries,Side,3.33,6,230,1,36.0
285,24,Hummus Plate,Starter,3.8,7,173,1,61.1
286,24,Baklava,Dessert,4.28,7,386,1,65.3
287,24,Spring Rolls,Starter,4.02,6,207,1,72.5
288,24,Soup,Starter,4.46,6,178,0,85.5
289,24,Burgers Curry,Main,10.14,19,851,1,71.9
290,24,Burgers Curry,Main,9.14,18,628,0,41.6
291,24,Burgers Curry,Main,13.76,21,710,0,35.8
292,24,Burgers Stir Fry,Main,7.41,18,618,0,51.6
293,24,Cheesecake,Dessert,4.78,6,479,0,73.5
294,25,Bakery Curry,Main,10.24,19,405,0,66.9
295,25,Bruschetta,Starter,5.22,8,231,0,85.9
296,25,Lemonade,Drink,3.23,7,78,0,54.9
297,25,Bakery Ramen,Main,11.17,25,613,0,36.2
298,25,Sparkling Water,Drink,3.62,2,56,0,90.6
299,25,Bakery Pasta,Main,12.74,20,893,0,46.0
300,25,Sparkling Water,Drink,2.87,2,63,0,40.4
301,25,Bakery Grilled Chicken,Main,13.43,17,903,1,71.2
302,26,Fresh Juice,Drink,3.4,2,73,1,86.3
303,26,Baklava,Dessert,4.85,7,384,1,51.3
304,26,Tiramisu,Dessert,5.84,5,405,0,92.9
305,26,Fries,Side,4.27,3,345,1,93.6
306,26,Hummus Plate,Starter,4.87,9,194,0,72.4
307,26,Hummus Plate,Starter,6.14,10,223,1,54.2
308,26,Sparkling Water,Drink,2.77,5,89,0,58.3
309,26,Bruschetta,Starter,4.91,6,241,0,68.7
310,26,Mexican Steak,Main,12.05,17,449,1,70.1
311,26,Mexican Pasta,Main,15.46,19,651,0,21.4
312,26,Mexican Ramen,Main,15.43,22,524,0,52.4
313,26,Soup,Starter,4.81,8,238,0,66.2
314,27,Rice,Side,1.82,8,241,1,67.6
315,27,Rice,Side,1.88,7,248,1,64.9
316,27,Spring Rolls,Starter,2.83,8,149,1,81.2
317,27,Fruit Tart,Dessert,2.85,6,438,1,71.2
318,27,Ice Cream,Dessert,2.8,8,389,1,74.0
319,27,Vegan Tacos,Main,6.82,22,744,1,51.7
320,27,Soup,Starter,2.61,6,174,1,34.9
321,27,Cheesecake,Dessert,2.25,10,330,1,96.1
322,27,Soft Drink,Drink,1.74,2,90,1,96.9
323,27,Vegan Pizza,Main,7.94,21,501,1,41.8
324,27,Vegan Grilled Chicken,Main,7.67,23,675,1,52.1
325,27,Salad,Starter,3.24,6,222,1,72.5
326,27,Rice,Side,1.85,6,359,1,97.0
327,27,Hummus Plate,Starter,2.68,7,194,1,66.7
328,28,Chinese Rice Bowl,Main,12.65,21,342,0,64.2
329,28,Chinese Stir Fry,Main,13.5,18,565,1,29.8
330,28,Chinese Steak,Main,12.65,19,347,0,64.6
331,28,Chinese Stir Fry,Main,15.14,17,568,0,23.8
332,28,Chinese Ramen,Main,13.53,21,727,1,21.6
333,28,Lemonade,Drink,3.81,2,88,0,54.5
334,28,Chinese Grilled Chicken,Main,16.28,21,457,0,32.7
335,28,Rice,Side,4.13,5,310,0,47.3
336,28,Brownie,Dessert,6.13,6,433,0,52.7
337,28,Chinese Pasta,Main,14.5,17,679,0,55.8
338,28,Chinese Tacos,Main,14.72,17,637,0,42.0
339,28,Chinese Ramen,Main,9.05,17,805,0,48.6
340,28,Fresh Juice,Drink,3.17,2,84,0,62.9
341,28,Hummus Plate,Starter,5.72,5,204,0,55.0
342,28,Onion Rings,Side,4.63,10,288,0,72.1
343,28,Chinese Rice Bowl,Main,16.11,19,623,0,48.0
344,28,Ice Cream,Dessert,6.42,8,337,0,74.4
345,28,Chinese Rice Bowl,Main,15.27,20,743,0,44.4
346,29,Lemonade,Drink,2.33,2,72,0,61.2
347,29,Fries,Side,1.63,9,257,1,82.8
348,29,Cheesecake,Dessert,3.98,3,318,1,98.0
349,29,Mexican Steak,Main,8.17,23,547,0,43.2
350,29,Side Salad,Side,2.51,7,274,0,42.0
351,29,Mexican Pizza,Main,6.49,18,612,0,49.5
352,29,Garlic Bread,Starter,2.72,8,236,0,76.8
353,29,Mexican Rice Bowl,Main,6.24,19,547,1,87.6
354,29,Mexican Pasta,Main,5.33,22,589,0,52.3
355,29,Mexican Curry,Main,7.67,19,832,1,52.3
356,29,Mexican Pasta,Main,6.6,25,615,0,87.4
357,29,Mexican Tacos,Main,4.97,17,547,0,37.9
358,29,Mexican Stir Fry,Main,6.94,24,786,1,78.5
359,29,Mexican Pasta,Main,6.96,19,501,0,57.5
360,30,Mexican Pizza,Main,12.51,23,782,1,34.2
361,30,Mexican Ramen,Main,9.33,21,704,0,48.8
362,30,Mexican Curry,Main,11.81,20,603,1,48.1
363,30,Mexican Pasta,Main,11.64,21,741,0,65.1
364,30,Fresh Juice,Drink,2.47,3,92,1,48.1
365,30,Side Salad,Side,4.66,8,264,0,78.8
366,30,Mexican Tacos,Main,15.47,19,874,0,64.8
367,30,Mexican Curry,Main,10.28,20,755,0,68.0
368,30,Mexican Burger,Main,11.7,22,558,0,45.3
369,30,Bread Basket,Side,3.79,7,236,0,66.6
370,30,Mexican Pasta,Main,14.27,22,688,1,31.1
371,30,Spring Rolls,Starter,6.12,6,225,0,55.1
372,30,Onion Rings,Side,3.24,6,240,0,65.4
373,31,Brownie,Dessert,3.59,7,307,0,51.2
374,31,Soup,Starter,3.46,8,265,1,95.2
375,31,Sparkling Water,Drink,1.84,2,103,0,81.2
376,31,Local cuisine Ramen,Main,11.02,22,788,1,48.5
377,31,Lemonade,Drink,2.32,2,116,0,62.2
378,31,Local cuisine Rice Bowl,Main,8.07,16,781,0,52.9
379,31,Local cuisine Grilled Chicken,Main,9.19,21,760,1,61.9
380,31,Lemonade,Drink,2.54,2,118,0,61.7
381,31,Local cuisine Pasta,Main,7.15,19,652,0,74.9
382,31,Local cuisine Burger,Main,8.29,20,809,0,38.3
383,31,Iced Tea,Drink,2.18,3,96,1,78.9
384,31,Local cuisine Grilled Chicken,Main,10.65,21,503,0,42.5
385,32,Fruit Tart,Dessert,4.16,11,469,1,55.8
386,32,Mexican Stir Fry,Main,10.34,22,579,0,34.0
387,32,Bread Basket,Side,3.02,7,319,0,80.5
388,32,Mexican Tacos,Main,10.02,16,490,1,51.8
389,32,Lemonade,Drink,2.82,6,87,0,37.0
390,32,Baklava,Dessert,3.72,12,324,0,75.8
391,32,Mexican Stir Fry,Main,7.54,20,750,0,69.5
392,32,Salad,Starter,3.97,8,168,0,66.7
393,32,Fruit Tart,Dessert,2.91,6,373,1,61.2
394,33,Hummus Plate,Starter,4.38,7,174,0,79.2
395,33,Chinese Pizza,Main,13.54,23,875,0,27.0
396,33,Lemonade,Drink,3.55,2,81,1,70.6
397,33,Baklava,Dessert,4.2,3,380,0,63.2
398,33,Fresh Juice,Drink,2.2,4,77,1,41.9
399,33,Hummus Plate,Starter,3.81,6,209,0,67.2
400,34,Soup,Starter,3.16,10,136,0,81.6
401,34,Cheesecake,Dessert,2.93,11,395,0,71.9
402,34,Mediterranean Burger,Main,8.4,21,572,0,69.3
403,34,Soup,Starter,2.56,8,243,0,61.9
404,34,Mediterranean Ramen,Main,6.01,16,681,0,45.1
405,34,Mediterranean Curry,Main,5.25,17,705,0,57.6
406,34,Mediterranean Steak,Main,6.45,21,643,1,73.6
407,34,Mediterranean Rice Bowl,Main,6.88,16,552,1,46.6
408,34,Garlic Bread,Starter,2.96,13,199,1,46.4
409,34,Baklava,Dessert,3.86,8,441,1,57.9
410,34,Spring Rolls,Starter,3.68,9,122,1,55.9
411,34,Mediterranean Tacos,Main,8.11,21,424,1,58.9
412,34,Bruschetta,Starter,3.18,11,238,0,82.9
413,35,Chinese Burger,Main,9.88,20,579,1,53.6
414,35,Rice,Side,4.93,9,369,0,61.6
415,35,Chinese Tacos,Main,14.05,19,667,0,22.0
416,35,Baklava,Dessert,5.39,6,408,0,48.5
417,35,Chinese Rice Bowl,Main,12.06,18,542,0,44.9
418,35,Fresh Juice,Drink,3.63,2,113,0,51.2
419,35,Chinese Grilled Chicken,Main,15.04,21,630,1,41.5
420,35,Chinese Pizza,Main,13.06,19,387,1,40.3
421,35,Lemonade,Drink,3.87,3,84,0,67.3
422,35,Bruschetta,Starter,5.09,11,189,0,43.3
423,36,Ice Cream,Dessert,3.39,6,510,0,57.5
424,36,Soft Drink,Drink,3.61,2,137,1,79.8
425,36,Lemonade,Drink,3.51,2,82,0,47.2
426,36,Mediterranean Burger,Main,11.8,21,437,1,52.7
427,36,Mediterranean Tacos,Main,11.44,21,597,0,45.5
428,36,Mediterranean Pasta,Main,15.33,22,524,1,34.8
429,36,Dumplings,Starter,4.75,10,133,1,53.9
430,36,Mediterranean Ramen,Main,12.19,20,634,1,52.1
431,36,Tiramisu,Dessert,5.28,6,520,0,53.7
432,36,Baklava,Dessert,4.12,5,372,0,69.0
433,36,Ice Cream,Dessert,4.8,4,427,0,45.8
434,36,Bruschetta,Starter,3.37,5,194,1,53.6
435,36,Soft Drink,Drink,2.76,2,91,1,96.3
436,36,Mediterranean Steak,Main,11.75,19,707,1,73.5
437,36,Coffee,Drink,2.79,4,100,1,65.0
438,36,Mediterranean Pizza,Main,13.17,22,854,1,44.1
439,36,Mediterranean Pizza,Main,7.29,17,599,0,69.6
440,37,Fresh Juice,Drink,1.89,4,105,0,42.8
441,37,Dumplings,Starter,2.66,8,233,1,83.8
442,37,Bread Basket,Side,1.85,6,388,0,84.0
443,37,Pizza Tacos,Main,5.68,19,561,0,58.0
444,37,Rice,Side,2.03,5,270,1,45.2
445,38,Side Salad,Side,5.64,7,337,0,55.0
446,38,Burgers Grilled Chicken,Main,17.24,18,830,0,22.9
447,38,Burgers Curry,Main,14.51,24,850,1,32.3
448,38,Iced Tea,Drink,3.69,4,103,1,71.5
449,38,Baklava,Dessert,6.13,6,399,0,74.4
450,38,Bread Basket,Side,4.37,6,186,0,90.9
451,38,Burgers Steak,Main,10.3,20,643,0,37.0
452,38,Hummus Plate,Starter,4.5,11,177,0,94.6
453,38,Side Salad,Side,3.92,8,340,1,44.2
454,38,Lemonade,Drink,3.95,6,76,0,70.4
455,38,Burgers Tacos,Main,15.15,21,540,1,44.9
456,38,Cheesecake,Dessert,6.07,6,302,0,62.2
457,38,Soup,Starter,6.59,8,224,0,26.6
458,38,Burgers Burger,Main,14.02,20,488,0,59.9
459,39,Pizza Ramen,Main,9.68,23,688,0,73.3
460,39,Pizza Burger,Main,11.45,12,707,0,48.6
461,39,Pizza Pizza,Main,10.59,21,738,0,73.3
462,39,Pizza Pizza,Main,10.49,21,800,0,49.3
463,39,Pizza Curry,Main,11.14,20,899,1,40.3
464,39,Pizza Stir Fry,Main,6.64,21,559,1,62.5
465,39,Pizza Pizza,Main,8.55,19,557,0,50.0
466,39,Pizza Burger,Main,10.1,21,520,0,56.5
467,39,Pizza Stir Fry,Main,10.48,21,722,1,66.0
468,39,Salad,Starter,5.81,4,123,0,67.9
469,39,Pizza Steak,Main,9.59,21,615,1,44.7
470,40,Coffee,Drink,3.07,5,125,1,88.2
471,40,Pizza Steak,Main,8.31,22,538,0,41.0
472,40,Bread Basket,Side,3.62,7,382,0,96.4
473,40,Brownie,Dessert,5.54,9,256,0,52.9
474,40,Lemonade,Drink,3.63,2,66,0,78.8
475,40,Pizza Pizza,Main,14.5,19,579,0,26.1
476,40,Pizza Pasta,Main,13.66,19,702,1,52.1
477,40,Bread Basket,Side,3.29,8,337,0,74.4
478,40,Hummus Plate,Starter,4.42,8,259,1,45.9
479,40,Pizza Tacos,Main,14.53,17,687,0,36.2
480,41,Chinese Stir Fry,Main,15.6,19,815,0,39.9
481,41,Chinese Curry,Main,13.92,18,689,1,62.9
482,41,Chinese Rice Bowl,Main,10.63,17,672,0,43.3
483,41,Fresh Juice,Drink,5.0,2,100,1,62.8
484,41,Brownie,Dessert,5.57,5,308,0,72.9
485,41,Ice Cream,Dessert,5.95,4,485,1,81.3
486,41,Bruschetta,Starter,6.28,9,193,1,41.7
487,41,Chinese Rice Bowl,Main,15.31,22,779,0,39.5
488,41,Chinese Rice Bowl,Main,16.16,23,839,0,45.0
489,41,Iced Tea,Drink,4.11,4,69,0,44.3
490,41,Side Salad,Side,4.31,4,288,0,81.1
491,41,Chinese Tacos,Main,18.56,21,559,0,35.0
492,41,Side Salad,Side,3.95,6,270,1,71.8
493,41,Salad,Starter,7.43,9,239,1,41.6
494,41,Chinese Ramen,Main,12.76,15,519,0,52.0
495,41,Lemonade,Drink,3.67,3,55,0,83.8
496,41,Chinese Steak,Main,10.47,19,816,0,29.8
497,41,Bread Basket,Side,6.15,4,266,0,44.2
498,41,Chinese Pizza,Main,15.62,23,600,0,47.9
499,41,Iced Tea,Drink,4.18,2,95,0,65.1
500,42,Fresh Juice,Drink,4.66,2,82,1,68.1
501,42,Onion Rings,Side,5.18,8,275,0,51.5
502,42,Sparkling Water,Drink,4.61,2,93,0,57.5
503,42,Soup,Starter,4.82,6,244,0,40.6
504,42,Lemonade,Drink,4.0,2,81,0,71.3
505,42,Local cuisine Grilled Chicken,Main,13.34,19,695,1,34.8
506,42,Hummus Plate,Starter,6.55,8,197,0,59.1
507,42,Rice,Side,5.18,7,372,1,60.0
508,42,Coffee,Drink,4.17,2,113,0,64.0
509,42,Bruschetta,Starter,7.32,9,204,0,23.3
510,42,Rice,Side,5.05,6,300,0,56.9
511,42,Dumplings,Starter,5.33,5,127,0,76.7
512,42,Local cuisine Ramen,Main,16.4,22,652,0,41.2
513,42,Bruschetta,Starter,5.82,10,303,0,28.1
514,42,Hummus Plate,Starter,6.21,9,144,0,79.2
515,43,Baklava,Dessert,5.32,9,425,0,52.6
516,43,Ice Cream,Dessert,6.12,5,373,0,65.7
517,43,Cheesecake,Dessert,4.63,7,404,0,69.5
518,43,Soft Drink,Drink,3.12,3,101,0,56.9
519,43,Side Salad,Side,3.93,6,365,0,64.4
520,43,Bruschetta,Starter,5.77,7,191,0,66.3
521,43,Local cuisine Rice Bowl,Main,7.93,20,666,0,58.5
522,43,Cheesecake,Dessert,3.32,4,401,0,52.7
523,43,Local cuisine Ramen,Main,9.04,20,905,0,52.3
524,43,Local cuisine Pizza,Main,12.75,20,770,1,50.8
525,43,Local cuisine Grilled Chicken,Main,12.44,19,769,0,40.4
526,44,Salad,Starter,5.1,11,256,1,51.0
527,44,Cheesecake,Dessert,6.08,5,475,1,60.4
528,44,Mediterranean Pasta,Main,15.57,20,702,0,48.2
529,44,Mediterranean Grilled Chicken,Main,12.24,19,612,1,25.4
530,44,Garlic Bread,Starter,5.96,5,209,0,62.8
531,44,Coffee,Drink,3.17,2,99,1,62.2
532,44,Fries,Side,4.33,8,370,1,76.5
533,44,Baklava,Dessert,3.93,9,225,0,58.3
534,44,Onion Rings,Side,5.13,6,260,0,73.6
535,44,Soft Drink,Drink,3.54,2,100,1,60.0
536,44,Mediterranean Burger,Main,12.52,19,850,1,41.6
537,44,Garlic Bread,Starter,5.52,9,175,0,64.8
538,44,Mediterranean Stir Fry,Main,17.59,23,546,1,40.2
539,44,Dumplings,Starter,4.46,11,199,1,50.7
540,44,Mediterranean Steak,Main,16.49,19,685,1,30.7
541,45,Burgers Grilled Chicken,Main,10.73,17,547,0,60.4
542,45,Fruit Tart,Dessert,3.82,5,356,1,61.5
543,45,Burgers Tacos,Main,8.46,20,684,1,61.1
544,45,Spring Rolls,Starter,4.3,6,197,1,61.4
545,45,Brownie,Dessert,4.9,4,527,0,35.3
546,45,Burgers Tacos,Main,8.78,23,766,0,54.6
547,45,Fries,Side,3.17,5,300,0,62.1
548,45,Baklava,Dessert,4.59,9,259,0,57.2
549,45,Side Salad,Side,3.62,9,252,1,77.8
550,45,Hummus Plate,Starter,3.77,8,215,1,54.0
551,45,Sparkling Water,Drink,3.39,3,89,1,34.5
552,46,Spanish Pizza,Main,16.09,22,749,0,56.5
553,46,Iced Tea,Drink,3.69,3,80,0,43.4
554,46,Lemonade,Drink,4.48,2,70,1,94.7
555,46,Fries,Side,5.07,5,306,0,71.2
556,46,Soup,Starter,8.68,4,211,1,43.5
557,46,Ice Cream,Dessert,7.19,2,373,0,45.0
558,46,Spanish Pizza,Main,14.86,19,573,1,50.1
559,46,Sparkling Water,Drink,4.51,2,73,1,48.5
560,46,Tiramisu,Dessert,8.42,6,288,1,52.5
561,46,Salad,Starter,6.07,9,250,0,58.9
562,46,Iced Tea,Drink,4.89,4,92,0,79.1
563,46,Spanish Curry,Main,15.51,19,618,0,56.8
564,46,Spanish Ramen,Main,15.59,20,562,0,19.6
565,46,Fries,Side,4.29,5,296,1,61.5
566,46,Tiramisu,Dessert,6.09,6,376,1,61.4
567,46,Spanish Pizza,Main,15.48,17,533,1,9.9
568,46,Bruschetta,Starter,6.68,7,183,0,79.8
569,46,Soup,Starter,6.1,8,192,0,49.7
570,46,Spring Rolls,Starter,7.9,8,174,0,58.1
571,46,Spanish Curry,Main,13.45,20,439,0,29.2
572,47,Spanish Grilled Chicken,Main,7.73,19,553,0,69.0
573,47,Side Salad,Side,1.76,9,311,0,91.9
574,47,Spanish Ramen,Main,8.04,21,380,1,70.5
575,47,Iced Tea,Drink,1.64,2,62,0,54.9
576,47,Coffee,Drink,1.83,2,72,0,75.3
577,47,Salad,Starter,2.48,8,201,0,55.6
578,47,Spanish Curry,Main,5.85,19,786,0,46.3
579,47,Fresh Juice,Drink,1.5,2,129,0,66.6
580,47,Spanish Curry,Main,6.33,19,800,1,72.0
581,47,Spanish Grilled Chicken,Main,7.0,22,856,0,92.9
582,47,Iced Tea,Drink,1.58,4,103,1,61.7
583,47,Spanish Burger,Main,5.5,21,561,1,57.8
584,47,Fresh Juice,Drink,1.5,4,94,0,98.3
585,47,Spanish Grilled Chicken,Main,6.07,21,663,0,93.2
586,48,Italian Steak,Main,10.37,21,705,0,67.1
587,48,Dumplings,Starter,4.45,9,194,0,56.8
588,48,Italian Steak,Main,9.41,21,781,0,40.2
589,48,Coffee,Drink,2.16,2,87,0,97.0
590,48,Italian Grilled Chicken,Main,8.73,17,679,0,79.0
591,48,Iced Tea,Drink,1.78,3,74,1,78.4
592,48,Italian Grilled Chicken,Main,8.5,22,564,0,70.0
593,48,Italian Curry,Main,9.01,19,614,1,37.6
594,48,Iced Tea,Drink,2.55,2,64,1,51.1
595,48,Italian Steak,Main,7.16,20,569,0,44.4
596,48,Italian Burger,Main,8.72,22,571,1,26.0
597,48,Hummus Plate,Starter,2.68,12,241,0,73.1
598,48,Baklava,Dessert,4.08,4,442,1,85.3
599,48,Italian Burger,Main,10.85,21,490,0,35.0
600,49,French Ramen,Main,13.56,25,593,1,74.0
601,49,Onion Rings,Side,4.07,4,298,0,66.2
602,49,French Tacos,Main,10.82,23,848,0,25.2
603,49,French Pizza,Main,13.44,25,592,0,29.2
604,49,Soup,Starter,5.39,9,231,0,54.2
605,49,French Pasta,Main,12.31,27,834,1,44.3
606,49,Sparkling Water,Drink,4.44,6,76,1,64.0
607,49,Sparkling Water,Drink,4.01,4,67,0,79.1
608,49,French Rice Bowl,Main,12.24,22,739,0,33.7
609,49,Sparkling Water,Drink,3.3,2,80,0,78.2
610,49,French Pizza,Main,9.37,28,652,0,16.4
611,49,Sparkling Water,Drink,4.0,3,94,0,76.9
612,49,Dumplings,Starter,5.0,7,239,0,60.5
613,49,French Pasta,Main,15.52,26,699,1,65.8
614,50,Brownie,Dessert,3.13,6,332,0,58.0
615,50,Iced Tea,Drink,2.22,2,82,0,85.0
616,50,Burgers Curry,Main,11.09,17,594,1,55.0
617,50,Tiramisu,Dessert,3.74,8,340,0,71.8
618,50,Burgers Steak,Main,8.7,19,511,0,55.5
619,50,Baklava,Dessert,4.04,8,399,0,71.7
620,50,Spring Rolls,Starter,2.91,6,190,0,80.9
621,50,Burgers Burger,Main,10.81,24,551,0,74.2
622,50,Brownie,Dessert,4.59,8,376,0,53.4
623,50,Burgers Steak,Main,6.1,20,558,0,66.1
624,50,Burgers Pizza,Main,10.58,21,598,0,33.0
625,50,Burgers Pasta,Main,10.5,20,684,0,41.4
626,50,Fresh Juice,Drink,2.94,3,80,0,85.0
627,50,Burgers Curry,Main,11.05,19,456,0,45.2
628,51,Salad,Starter,5.07,7,179,0,61.9
629,51,Pizza Curry,Main,13.24,17,948,0,46.5
630,51,Pizza Pizza,Main,12.67,19,650,0,58.7
631,51,Pizza Pizza,Main,13.65,21,649,0,41.1
632,51,Pizza Rice Bowl,Main,13.84,20,626,1,44.8
633,51,Fresh Juice,Drink,3.57,2,104,0,91.6
634,51,Rice,Side,4.62,3,326,0,48.0
635,51,Dumplings,Starter,5.67,7,187,0,71.6
636,51,Dumplings,Starter,5.36,7,256,0,33.8
637,51,Pizza Pasta,Main,15.27,19,681,0,47.0
638,51,Salad,Starter,5.5,7,210,0,82.7
639,51,Pizza Pizza,Main,13.82,18,518,1,58.3
640,51,Cheesecake,Dessert,7.0,6,309,1,84.2
641,51,Coffee,Drink,2.85,2,107,1,54.4
642,52,Japanese Rice Bowl,Main,11.98,24,862,0,45.6
643,52,Salad,Starter,4.7,8,210,0,49.3
644,52,Side Salad,Side,3.13,5,243,1,73.0
645,52,Bruschetta,Starter,4.43,6,179,0,54.8
646,52,Fresh Juice,Drink,3.89,2,84,0,76.4
647,52,Japanese Grilled Chicken,Main,12.64,22,500,0,38.1
648,52,Tiramisu,Dessert,5.82,9,315,1,40.7
649,52,Salad,Starter,4.13,6,200,0,60.3
650,52,Baklava,Dessert,5.33,7,277,0,65.7
651,52,Japanese Ramen,Main,11.42,21,452,0,54.6
652,52,Onion Rings,Side,4.81,6,245,1,90.0
653,52,Soup,Starter,4.74,8,266,1,71.4
654,52,Garlic Bread,Starter,4.85,9,220,0,47.5
655,52,Spring Rolls,Starter,4.77,10,262,1,69.1
656,52,Salad,Starter,6.76,9,232,1,65.6
657,52,Rice,Side,3.25,5,222,0,90.3
658,52,Salad,Starter,6.53,8,265,0,80.5
659,53,Fries,Side,3.54,3,236,0,55.7
660,53,Soft Drink,Drink,2.42,3,141,0,69.2
661,53,Turkish Ramen,Main,12.17,17,445,0,53.6
662,53,Side Salad,Side,3.14,7,289,0,64.6
663,53,Turkish Curry,Main,9.4,21,675,1,63.2
664,53,Turkish Ramen,Main,11.88,18,663,0,49.7
665,53,Turkish Ramen,Main,9.31,23,752,1,69.2
666,53,Spring Rolls,Starter,4.13,11,213,0,78.9
667,53,Cheesecake,Dessert,5.01,9,398,1,48.4
668,53,Turkish Rice Bowl,Main,8.29,19,535,0,68.5
669,54,Cheesecake,Dessert,7.2,7,529,0,81.5
670,54,Pizza Curry,Main,11.53,20,762,1,67.1
671,54,Fresh Juice,Drink,2.56,5,96,0,77.7
672,54,Salad,Starter,6.57,10,239,0,56.7
673,54,Lemonade,Drink,3.14,3,115,1,55.6
674,54,Soup,Starter,5.79,9,201,0,76.4
675,54,Lemonade,Drink,4.82,2,115,1,85.7
676,54,Spring Rolls,Starter,5.51,6,172,1,73.7
677,54,Salad,Starter,7.43,7,218,0,47.6
678,54,Bruschetta,Starter,6.55,8,236,1,68.0
679,54,Pizza Pizza,Main,13.27,22,683,0,49.0
680,54,Pizza Steak,Main,17.64,18,822,0,29.1
681,54,Tiramisu,Dessert,6.34,4,248,0,89.0
682,54,Lemonade,Drink,3.55,4,89,0,63.4
683,54,Pizza Steak,Main,13.86,20,340,0,58.5
684,54,Pizza Rice Bowl,Main,18.38,21,357,1,55.1
685,55,Lemonade,Drink,4.56,2,119,0,54.1
686,55,Tiramisu,Dessert,6.3,3,412,0,56.2
687,55,Turkish Tacos,Main,12.56,20,574,0,43.3
688,55,Turkish Steak,Main,12.73,24,437,0,43.0
689,55,Soup,Starter,4.46,6,234,0,67.0
690,55,Turkish Ramen,Main,14.21,17,540,0,38.3
691,55,Rice,Side,4.51,8,377,1,45.7
692,55,Turkish Steak,Main,16.49,20,618,0,35.9
693,55,Fresh Juice,Drink,2.61,3,106,0,55.8
694,55,Turkish Stir Fry,Main,14.38,20,665,1,46.4
695,55,Turkish Rice Bowl,Main,15.4,22,552,0,34.9
696,55,Side Salad,Side,3.34,7,307,0,65.2
697,55,Bruschetta,Starter,6.03,11,202,0,58.6
698,55,Turkish Rice Bowl,Main,11.45,21,801,0,55.3
699,56,Fruit Tart,Dessert,5.16,5,354,0,43.5
700,56,Fresh Juice,Drink,3.83,2,83,0,67.5
701,56,Rice,Side,3.48,8,226,0,31.8
702,56,Local cuisine Tacos,Main,11.57,21,712,1,48.7
703,56,Bread Basket,Side,4.0,5,214,0,53.8
704,57,Bruschetta,Starter,2.77,10,218,1,86.8
705,57,Hummus Plate,Starter,3.43,10,167,1,65.4
706,57,Vegan Stir Fry,Main,7.44,21,470,1,85.9
707,57,Lemonade,Drink,1.72,2,84,1,31.8
708,57,Sparkling Water,Drink,2.7,2,64,1,67.0
709,57,Coffee,Drink,1.69,4,74,1,72.7
710,57,Fries,Side,3.16,8,272,1,61.3
711,57,Hummus Plate,Starter,2.68,6,185,1,91.8
712,57,Fruit Tart,Dessert,2.21,4,451,1,63.8
713,57,Hummus Plate,Starter,2.87,10,186,1,75.7
714,57,Rice,Side,2.47,6,266,1,79.4
715,58,Italian Stir Fry,Main,18.0,21,599,0,51.4
716,58,Italian Rice Bowl,Main,14.16,20,694,0,61.7
717,58,Italian Burger,Main,17.26,21,829,0,47.8
718,58,Italian Tacos,Main,16.74,22,732,1,30.4
719,58,Italian Pasta,Main,14.18,20,602,0,64.3
720,59,Italian Rice Bowl,Main,10.27,22,907,1,40.4
721,59,Spring Rolls,Starter,4.66,7,187,0,85.9
722,59,Bread Basket,Side,4.2,6,299,0,68.5
723,59,Italian Burger,Main,10.3,21,627,0,48.3
724,59,Italian Curry,Main,8.53,18,467,1,32.0
725,59,Sparkling Water,Drink,2.63,2,117,1,47.4
726,59,Tiramisu,Dessert,6.14,6,377,1,72.9
727,59,Soft Drink,Drink,3.13,2,98,0,56.4
728,59,Fries,Side,4.1,8,172,1,53.6
729,59,Bruschetta,Starter,4.3,5,209,1,69.4
730,59,Italian Ramen,Main,9.13,17,490,0,54.9
731,59,Brownie,Dessert,5.18,4,391,0,91.0
732,59,Spring Rolls,Starter,4.29,9,279,1,85.7
733,59,Tiramisu,Dessert,4.5,5,353,1,46.3
734,59,Hummus Plate,Starter,4.76,8,237,0,72.9
735,59,Bread Basket,Side,3.97,9,304,0,77.1
736,59,Fruit Tart,Dessert,5.8,6,311,0,55.4
737,60,Soft Drink,Drink,2.34,2,79,0,67.2
738,60,Spring Rolls,Starter,4.84,8,230,0,69.5
739,60,Bruschetta,Starter,4.2,11,137,0,68.7
740,60,Bruschetta,Starter,3.41,5,255,0,38.9
741,60,Pizza Grilled Chicken,Main,10.95,21,635,0,48.4
742,60,Spring Rolls,Starter,3.01,5,192,0,58.5
743,60,Pizza Pizza,Main,10.64,22,686,0,54.8
744,60,Soft Drink,Drink,2.13,2,66,0,71.2
745,60,Rice,Side,2.42,7,231,0,57.8
746,61,Greek Tacos,Main,12.31,19,600,1,33.2
747,61,Greek Curry,Main,15.09,18,646,1,42.3
748,61,Iced Tea,Drink,2.9,2,109,1,73.8
749,61,Tiramisu,Dessert,5.77,5,440,1,73.0
750,61,Brownie,Dessert,5.14,5,339,1,54.7
751,61,Greek Pizza,Main,15.46,18,822,1,30.6
752,61,Garlic Bread,Starter,6.97,7,214,1,47.7
753,61,Sparkling Water,Drink,4.24,3,109,0,73.3
754,61,Greek Rice Bowl,Main,10.34,20,680,0,62.1
755,61,Brownie,Dessert,6.65,9,290,1,86.9
756,61,Rice,Side,3.09,4,254,1,66.1
757,61,Greek Rice Bowl,Main,11.74,19,478,0,47.1
758,61,Sparkling Water,Drink,3.86,4,86,0,51.2
759,61,Greek Tacos,Main,10.28,22,600,1,53.5
760,62,Thai Stir Fry,Main,10.82,22,724,1,55.9
761,62,Thai Steak,Main,11.49,20,549,1,68.0
762,62,Bread Basket,Side,3.68,8,331,0,52.8
763,62,Iced Tea,Drink,3.0,2,68,0,54.1
764,62,Fruit Tart,Dessert,4.55,9,215,0,49.2
765,62,Thai Pizza,Main,10.81,19,909,1,39.8
766,62,Rice,Side,3.35,7,305,0,44.6
767,63,Bruschetta,Starter,6.88,10,276,1,72.1
768,63,Salad,Starter,6.94,6,206,0,40.3
769,63,Side Salad,Side,3.77,6,265,0,72.8
770,63,Chinese Pizza,Main,15.12,18,764,1,35.3
771,63,Chinese Grilled Chicken,Main,15.29,19,581,1,37.1
772,63,Garlic Bread,Starter,6.83,11,273,0,66.7
773,63,Chinese Pasta,Main,17.01,19,757,0,15.9
774,63,Onion Rings,Side,4.07,8,231,0,82.8
775,63,Brownie,Dessert,7.72,8,381,0,67.8
776,63,Chinese Grilled Chicken,Main,15.89,20,617,1,46.0
777,63,Chinese Tacos,Main,12.46,15,605,0,34.2
778,63,Chinese Burger,Main,13.72,20,568,1,65.4
779,63,Baklava,Dessert,7.7,8,464,1,63.2
780,63,Chinese Pasta,Main,14.7,18,719,1,26.3
781,64,Garlic Bread,Starter,7.92,6,265,0,29.7
782,64,Garlic Bread,Starter,5.51,7,238,1,39.5
783,64,Bruschetta,Starter,5.97,6,164,0,60.1
784,64,Italian Steak,Main,15.77,18,652,0,47.4
785,64,Coffee,Drink,4.4,2,91,0,70.2
786,64,Rice,Side,5.17,4,239,0,74.3
787,64,Spring Rolls,Starter,6.53,11,242,0,40.6
788,64,Italian Rice Bowl,Main,17.55,24,932,1,17.6
789,64,Salad,Starter,3.67,10,249,1,46.3
790,64,Fries,Side,5.14,9,295,0,59.9
791,64,Soft Drink,Drink,5.05,3,69,0,80.3
792,65,Spring Rolls,Starter,4.31,7,192,1,89.6
793,65,Hummus Plate,Starter,3.02,14,229,0,59.4
794,65,Ice Cream,Dessert,5.09,4,319,0,38.5
795,65,Soup,Starter,4.75,7,178,1,48.2
796,65,Coffee,Drink,2.89,2,90,0,74.5
797,65,Iced Tea,Drink,3.07,2,77,0,64.2
798,65,Dumplings,Starter,5.44,8,268,0,80.4
799,65,Lemonade,Drink,3.28,2,89,0,32.9
800,65,Onion Rings,Side,3.59,9,273,1,44.2
801,65,Hummus Plate,Starter,3.67,3,214,0,51.1
802,66,Soft Drink,Drink,2.64,2,87,0,65.5
803,66,Ice Cream,Dessert,6.26,5,412,1,77.4
804,66,Pizza Tacos,Main,10.34,20,328,0,67.7
805,66,Tiramisu,Dessert,5.56,6,509,0,50.1
806,66,Bruschetta,Starter,3.67,9,233,0,58.4
807,67,Coffee,Drink,2.55,2,106,0,65.4
808,67,Fruit Tart,Dessert,4.19,7,404,0,58.7
809,67,Local cuisine Rice Bowl,Main,7.48,17,433,1,23.8
810,67,Soft Drink,Drink,2.13,4,50,0,89.6
811,67,Local cuisine Pizza,Main,9.86,19,397,1,73.1
812,67,Local cuisine Curry,Main,8.81,21,481,1,48.1
813,67,Rice,Side,2.96,6,192,0,75.7
814,67,Local cuisine Grilled Chicken,Main,8.95,22,624,1,46.9
815,67,Local cuisine Burger,Main,10.19,21,578,0,68.2
816,67,Coffee,Drink,2.46,7,104,0,59.0
817,67,Local cuisine Pizza,Main,10.34,20,698,0,51.2
818,67,Local cuisine Grilled Chicken,Main,8.94,18,766,1,69.5
819,67,Soup,Starter,2.74,9,192,0,66.3
820,67,Local cuisine Steak,Main,8.39,18,759,0,51.2
821,67,Local cuisine Curry,Main,9.37,23,649,0,57.4
822,68,Fruit Tart,Dessert,6.4,4,387,1,77.7
823,68,Mediterranean Pasta,Main,15.83,21,654,1,13.2
824,68,Mediterranean Pasta,Main,12.87,20,834,1,36.0
825,68,Hummus Plate,Starter,6.06,7,250,1,78.5
826,68,Cheesecake,Dessert,6.91,2,479,1,58.1
827,68,Lemonade,Drink,2.5,2,114,1,77.7
828,68,Iced Tea,Drink,4.17,2,73,0,87.7
829,68,Fresh Juice,Drink,3.87,2,131,1,76.5
830,68,Mediterranean Ramen,Main,14.65,22,366,0,40.3
831,68,Mediterranean Curry,Main,12.21,20,448,1,66.3
832,68,Fresh Juice,Drink,2.3,2,106,0,86.1
833,69,Spring Rolls,Starter,4.62,9,208,0,46.9
834,69,French Ramen,Main,15.72,27,863,0,45.2
835,69,French Pizza,Main,10.56,22,463,0,57.1
836,69,Dumplings,Starter,5.87,8,171,0,57.5
837,69,Salad,Starter,4.65,9,201,0,60.8
838,69,Garlic Bread,Starter,5.86,6,234,0,67.9
839,69,Soup,Starter,6.55,7,249,0,57.1
840,69,French Burger,Main,16.87,25,729,1,33.0
841,69,Dumplings,Starter,4.95,13,191,0,64.0
842,69,Coffee,Drink,3.48,3,92,0,56.5
843,69,Coffee,Drink,4.36,3,112,0,82.5
844,69,French Steak,Main,17.17,25,384,1,31.0
845,69,Soup,Starter,5.35,5,291,0,84.9
846,69,French Rice Bowl,Main,11.93,28,640,1,28.9
847,69,Sparkling Water,Drink,3.52,3,67,0,58.7
848,69,French Burger,Main,16.94,24,560,0,31.6
849,69,Soup,Starter,5.51,7,208,0,74.8
850,69,Fries,Side,5.12,9,292,0,78.4
851,69,French Pizza,Main,11.55,30,583,0,30.7
852,70,Cheesecake,Dessert,3.91,5,533,1,47.2
853,70,Thai Pasta,Main,11.75,22,319,1,42.9
854,70,Soft Drink,Drink,3.19,2,90,0,50.3
855,70,Onion Rings,Side,2.87,6,328,0,65.2
856,70,Thai Steak,Main,10.9,21,716,0,11.0
857,70,Coffee,Drink,2.83,2,74,1,78.6
858,70,Coffee,Drink,3.62,2,85,0,58.4
859,70,Thai Burger,Main,9.74,23,703,1,46.1
860,70,Hummus Plate,Starter,3.98,9,300,0,58.4
861,70,Iced Tea,Drink,3.06,2,126,0,69.8
862,70,Thai Steak,Main,12.07,21,596,1,63.3
863,70,Thai Burger,Main,11.59,22,864,1,54.2
864,70,Tiramisu,Dessert,5.41,4,359,1,41.8
865,70,Thai Pizza,Main,10.25,22,615,1,67.6
866,70,Dumplings,Starter,3.68,5,246,1,54.3
867,70,Fries,Side,3.04,6,343,1,56.0
868,70,Thai Curry,Main,11.63,19,694,1,52.0
869,70,Thai Pizza,Main,11.46,22,741,1,83.6
870,70,Tiramisu,Dessert,5.44,7,406,1,52.3
871,71,Fries,Side,3.31,10,321,0,58.4
872,71,Garlic Bread,Starter,5.34,5,237,1,26.0
873,71,Indian Stir Fry,Main,12.23,26,726,1,42.6
874,71,Lemonade,Drink,2.37,4,103,1,56.4
875,71,Baklava,Dessert,6.05,3,314,0,69.8
876,71,Indian Curry,Main,12.95,25,537,1,35.8
877,71,Indian Rice Bowl,Main,15.84,27,795,1,40.3
878,72,Spring Rolls,Starter,6.79,5,316,0,64.6
879,72,Fries,Side,4.02,9,273,0,55.3
880,72,Ice Cream,Dessert,6.89,6,377,0,46.7
881,72,Spanish Rice Bowl,Main,13.27,21,736,0,45.4
882,72,Bread Basket,Side,4.42,4,268,0,47.6
883,72,Brownie,Dessert,5.93,6,294,0,83.4
884,72,Onion Rings,Side,4.41,5,238,0,48.4
885,72,Spring Rolls,Starter,6.33,11,257,0,38.6
886,72,Spanish Ramen,Main,15.26,22,878,0,54.9
887,72,Brownie,Dessert,9.04,6,358,0,40.2
888,72,Soup,Starter,4.32,7,215,0,80.0
889,72,Lemonade,Drink,3.33,6,93,1,41.1
890,72,Tiramisu,Dessert,7.5,6,388,0,35.4
891,72,Spanish Ramen,Main,14.05,23,791,1,67.4
892,72,Baklava,Dessert,5.54,10,424,1,60.1
893,73,Mediterranean Steak,Main,15.21,19,641,0,35.3
894,73,Mediterranean Tacos,Main,9.63,19,754,1,49.1
895,73,Soup,Starter,6.17,11,163,1,45.5
896,73,Spring Rolls,Starter,4.42,6,274,1,63.6
897,73,Salad,Starter,4.86,9,303,1,88.2
898,73,Spring Rolls,Starter,5.68,9,237,1,68.4
899,73,Fruit Tart,Dessert,6.81,5,444,0,60.0
900,73,Coffee,Drink,2.36,2,95,0,64.2
901,73,Baklava,Dessert,6.39,5,397,0,89.6
902,73,Baklava,Dessert,6.84,5,451,0,64.6
903,73,Fries,Side,3.73,5,374,0,74.2
904,74,Turkish Pasta,Main,13.25,18,734,0,45.1
905,74,Fruit Tart,Dessert,6.3,10,368,0,68.1
906,74,Turkish Steak,Main,12.89,19,559,0,59.7
907,74,Turkish Pizza,Main,15.52,22,694,1,5.6
908,74,Fruit Tart,Dessert,3.98,2,368,0,57.3
909,74,Baklava,Dessert,7.44,7,361,0,80.6
910,74,Turkish Ramen,Main,15.17,18,578,0,41.0
911,74,Dumplings,Starter,4.59,7,231,1,43.9
912,75,Coffee,Drink,2.0,2,113,1,53.7
913,75,Garlic Bread,Starter,3.46,10,296,0,81.0
914,75,Dumplings,Starter,3.3,7,235,0,69.1
915,75,Baklava,Dessert,3.17,3,505,0,72.4
916,75,Side Salad,Side,2.69,5,302,1,61.2
917,75,Bruschetta,Starter,3.0,2,205,1,62.8
918,75,Sparkling Water,Drink,2.8,3,96,0,79.5
919,75,Local cuisine Burger,Main,8.67,21,742,1,86.0
920,75,Dumplings,Starter,3.43,5,273,0,73.1
921,75,Local cuisine Burger,Main,6.56,24,463,0,27.0
922,75,Local cuisine Stir Fry,Main,7.6,22,595,1,41.4
923,76,Soft Drink,Drink,3.32,2,117,0,51.6
924,76,Italian Curry,Main,15.19,22,529,1,56.9
925,76,Sparkling Water,Drink,3.74,2,101,1,81.2
926,76,Italian Grilled Chicken,Main,15.34,23,829,0,40.7
927,76,Bruschetta,Starter,4.27,13,223,0,55.2
928,76,Side Salad,Side,2.61,6,274,0,82.9
929,76,Lemonade,Drink,2.95,3,112,0,76.7
930,76,Italian Stir Fry,Main,10.47,24,746,0,26.8
931,76,Italian Pasta,Main,11.13,21,696,1,59.2
932,76,Italian Grilled Chicken,Main,15.56,20,590,0,46.2
933,76,Onion Rings,Side,4.93,7,288,0,66.1
934,76,Italian Tacos,Main,11.96,21,536,0,51.2
935,76,Rice,Side,4.34,7,196,0,67.3
936,76,Italian Burger,Main,10.31,19,735,1,28.7
937,76,Cheesecake,Dessert,6.25,4,390,1,41.9
938,76,Italian Pizza,Main,15.54,17,800,0,37.6
939,76,Spring Rolls,Starter,5.02,10,212,0,60.5
940,76,Side Salad,Side,4.57,5,265,0,62.0
941,77,Iced Tea,Drink,5.55,2,61,1,48.6
942,77,Tiramisu,Dessert,8.64,9,447,1,29.8
943,77,Indian Pizza,Main,19.39,22,856,1,32.1
944,77,Salad,Starter,6.93,8,283,1,60.5
945,77,Cheesecake,Dessert,6.55,9,226,0,70.0
946,77,Indian Pizza,Main,18.15,25,579,0,19.4
947,77,Indian Ramen,Main,17.91,21,687,1,28.1
948,77,Spring Rolls,Starter,5.51,8,266,1,67.8
949,77,Indian Ramen,Main,16.53,24,611,0,36.3
950,77,Baklava,Dessert,7.3,7,273,1,48.7
951,77,Spring Rolls,Starter,5.47,11,251,0,67.9
952,77,Tiramisu,Dessert,6.9,8,466,0,89.3
953,77,Sparkling Water,Drink,4.19,2,59,0,57.4
954,77,Indian Tacos,Main,17.46,25,760,0,37.3
955,77,Spring Rolls,Starter,5.92,11,153,0,57.4
956,77,Salad,Starter,6.46,8,208,1,59.1
957,77,Indian Ramen,Main,20.52,26,653,0,39.4
958,77,Iced Tea,Drink,4.41,2,96,1,69.2
959,77,Ice Cream,Dessert,7.3,9,412,1,58.1
960,78,Bread Basket,Side,4.78,8,384,0,71.6
961,78,Dumplings,Starter,6.74,7,187,0,63.4
962,78,Spanish Pasta,Main,15.01,17,818,0,70.7
963,78,Dumplings,Starter,6.24,7,185,1,59.1
964,78,Iced Tea,Drink,3.25,6,113,1,92.5
965,78,Dumplings,Starter,5.0,8,164,0,37.3
966,78,Bread Basket,Side,3.99,10,333,0,79.3
967,78,Hummus Plate,Starter,5.57,9,293,1,49.4
968,78,Brownie,Dessert,7.0,6,456,0,59.9
969,78,Spanish Stir Fry,Main,14.64,21,860,0,38.2
970,78,Spanish Steak,Main,15.96,22,743,1,5.0
971,78,Spanish Pasta,Main,16.51,21,647,0,67.9
972,78,Baklava,Dessert,7.21,4,322,0,67.1
973,78,Spanish Rice Bowl,Main,16.16,22,738,0,31.2
974,78,Spanish Rice Bowl,Main,13.52,18,878,0,42.0
975,79,Soup,Starter,3.32,7,214,0,67.9
976,79,Iced Tea,Drink,2.06,2,90,1,63.6
977,79,Mediterranean Curry,Main,8.56,18,292,1,90.6
978,79,Side Salad,Side,3.22,6,148,1,71.5
979,79,Mediterranean Pizza,Main,8.41,20,581,1,24.2
980,80,Brownie,Dessert,3.48,3,446,0,54.9
981,80,Sparkling Water,Drink,1.96,4,78,1,66.4
982,80,Garlic Bread,Starter,3.34,7,270,1,81.6
983,80,Greek Stir Fry,Main,8.34,19,649,1,77.3
984,80,Greek Steak,Main,8.01,18,850,0,54.0
985,80,Bread Basket,Side,3.18,6,262,1,45.9
986,80,Soft Drink,Drink,1.96,2,77,1,55.5
987,80,Salad,Starter,3.44,8,222,0,62.8
988,80,Greek Pizza,Main,8.99,20,686,0,57.1
989,80,Greek Pasta,Main,7.4,19,652,1,79.6
990,80,Side Salad,Side,2.65,8,341,0,80.6
991,80,Bruschetta,Starter,3.11,13,212,1,63.1
992,80,Greek Pizza,Main,7.49,22,731,1,60.5
993,80,Greek Rice Bowl,Main,7.31,15,790,0,74.9
994,81,Garlic Bread,Starter,5.81,4,194,0,38.8
995,81,Ice Cream,Dessert,7.02,7,378,0,43.7
996,81,Bakery Pizza,Main,13.31,20,452,0,36.9
997,81,Soup,Starter,6.56,10,234,0,27.9
998,81,Bakery Steak,Main,17.69,21,890,0,41.1
999,81,Fries,Side,4.65,5,253,0,53.8
1000,81,Bakery Stir Fry,Main,16.09,23,771,0,55.0
1001,81,Salad,Starter,6.53,8,215,0,68.7
1002,81,Side Salad,Side,4.3,5,297,0,58.7
1003,81,Spring Rolls,Starter,5.16,11,266,1,81.8
1004,82,Japanese Rice Bowl,Main,6.2,22,824,0,55.6
1005,82,Japanese Steak,Main,8.17,19,790,0,52.2
1006,82,Dumplings,Starter,2.86,9,174,0,68.5
1007,82,Japanese Steak,Main,10.04,19,602,1,35.7
1008,82,Japanese Grilled Chicken,Main,9.29,21,641,0,71.1
1009,82,Spring Rolls,Starter,4.2,11,236,1,57.4
1010,83,Sparkling Water,Drink,4.36,4,76,1,47.6
1011,83,Side Salad,Side,3.57,6,271,1,81.6
1012,83,Vegan Burger,Main,17.07,18,467,1,63.2
1013,83,Garlic Bread,Starter,6.23,8,237,1,65.6
1014,83,Soft Drink,Drink,2.79,2,75,1,93.7
1015,83,Vegan Curry,Main,16.24,19,525,1,43.7
1016,84,Spring Rolls,Starter,3.39,9,233,0,41.3
1017,84,Onion Rings,Side,2.1,7,239,1,87.1
1018,84,Side Salad,Side,1.73,6,283,0,76.9
1019,84,Hummus Plate,Starter,3.28,8,168,0,56.1
1020,84,Fruit Tart,Dessert,3.75,7,443,0,87.1
1021,84,Spanish Curry,Main,8.23,20,728,0,23.9
1022,84,Spanish Pizza,Main,8.32,20,632,1,26.0
1023,84,Bruschetta,Starter,3.71,8,201,1,83.4
1024,84,Brownie,Dessert,2.91,8,369,0,61.8
1025,84,Hummus Plate,Starter,2.7,5,254,1,75.9
1026,84,Sparkling Water,Drink,2.21,2,74,1,60.1
1027,84,Spanish Tacos,Main,8.12,17,698,1,56.0
1028,84,Baklava,Dessert,3.8,2,444,0,99.0
1029,85,Italian Pizza,Main,14.28,18,901,0,38.1
1030,85,Italian Stir Fry,Main,12.23,21,792,0,54.1
1031,85,Brownie,Dessert,3.68,6,490,0,40.7
1032,85,Soup,Starter,5.86,9,136,0,61.7
1033,85,Italian Curry,Main,9.76,20,675,1,79.7
1034,85,Sparkling Water,Drink,3.82,4,87,1,59.9
1035,85,Italian Curry,Main,13.07,19,874,0,49.1
1036,85,Sparkling Water,Drink,3.02,6,82,0,56.0
1037,85,Italian Ramen,Main,11.93,20,504,1,57.3
1038,85,Italian Rice Bowl,Main,11.9,20,603,1,34.4
1039,85,Italian Tacos,Main,9.09,19,768,0,48.6
1040,85,Italian Pasta,Main,14.07,18,686,0,44.9
1041,85,Ice Cream,Dessert,5.59,6,440,1,87.0
1042,85,Dumplings,Starter,3.61,9,237,0,60.9
1043,85,Italian Curry,Main,8.1,16,864,1,70.3
1044,85,Garlic Bread,Starter,4.09,9,215,1,63.6
1045,85,Ice Cream,Dessert,5.22,5,289,1,85.1
1046,85,Coffee,Drink,2.7,2,96,1,74.1
1047,85,Spring Rolls,Starter,4.82,8,326,1,87.0
1048,86,Vegan Curry,Main,6.9,19,736,1,56.6
1049,86,Vegan Ramen,Main,7.58,21,695,1,65.2
1050,86,Vegan Curry,Main,6.17,20,648,1,51.8
1051,86,Coffee,Drink,2.02,4,111,1,89.1
1052,86,Bread Basket,Side,1.88,6,284,1,64.7
1053,86,Lemonade,Drink,1.79,2,99,1,48.5
1054,86,Garlic Bread,Starter,2.93,10,194,1,74.8
1055,86,Vegan Tacos,Main,7.26,22,624,1,80.8
1056,86,Rice,Side,2.6,7,223,1,96.1
1057,86,Vegan Tacos,Main,9.13,16,673,1,64.3
1058,86,Cheesecake,Dessert,3.99,9,400,1,98.2
1059,86,Side Salad,Side,2.59,6,249,1,85.5
1060,86,Iced Tea,Drink,1.83,2,96,1,65.4
1061,86,Fruit Tart,Dessert,2.61,8,349,1,97.1
1062,86,Vegan Grilled Chicken,Main,8.51,21,821,1,63.5
1063,87,Vegan Ramen,Main,16.49,21,705,1,54.3
1064,87,Onion Rings,Side,3.48,6,179,1,74.9
1065,87,Vegan Curry,Main,16.47,22,714,1,53.6
1066,87,Fries,Side,4.55,4,260,1,87.1
1067,87,Vegan Steak,Main,16.9,21,626,1,23.3
1068,87,Spring Rolls,Starter,6.93,9,150,1,59.7
1069,87,Vegan Curry,Main,10.35,22,560,1,33.0
1070,87,Fruit Tart,Dessert,7.15,6,547,1,67.2
1071,87,Fresh Juice,Drink,3.58,3,85,1,83.8
1072,87,Vegan Burger,Main,15.35,17,658,1,40.5
1073,87,Hummus Plate,Starter,5.03,8,239,1,61.9
1074,87,Bread Basket,Side,4.43,6,291,1,64.4
1075,87,Vegan Curry,Main,13.62,19,659,1,59.2
1076,87,Vegan Ramen,Main,17.62,22,845,1,57.3
1077,87,Sparkling Water,Drink,4.89,2,102,1,80.5
1078,88,Spanish Steak,Main,11.73,21,635,1,54.4
1079,88,Spring Rolls,Starter,4.13,8,253,0,83.2
1080,88,Spanish Rice Bowl,Main,12.17,22,573,0,45.8
1081,88,Salad,Starter,3.82,9,266,1,70.9
1082,88,Spanish Curry,Main,9.79,24,520,0,55.6
1083,88,Brownie,Dessert,5.46,7,532,0,52.4
1084,88,Cheesecake,Dessert,5.99,8,335,1,72.1
1085,88,Spanish Steak,Main,11.88,19,664,1,31.8
1086,88,Spanish Pizza,Main,10.46,19,648,1,58.0
1087,88,Spanish Tacos,Main,11.66,21,731,0,64.8
1088,89,Soft Drink,Drink,3.32,2,82,0,83.2
1089,89,Japanese Burger,Main,10.41,22,734,0,59.2
1090,89,Japanese Steak,Main,10.61,18,735,0,54.4
1091,89,Japanese Grilled Chicken,Main,11.96,20,608,0,49.0
1092,89,Soft Drink,Drink,3.94,3,91,0,49.1
1093,89,Fruit Tart,Dessert,5.2,6,399,0,70.6
1094,89,Hummus Plate,Starter,3.55,8,184,0,44.8
1095,89,Japanese Grilled Chicken,Main,13.5,24,684,0,49.3
1096,89,Japanese Rice Bowl,Main,10.61,21,764,0,26.1
1097,89,Japanese Rice Bowl,Main,8.87,19,630,0,44.0
1098,89,Coffee,Drink,3.71,2,105,0,48.2
1099,89,Onion Rings,Side,3.73,6,165,0,81.1
1100,89,Salad,Starter,5.61,8,284,0,46.3
1101,89,Japanese Steak,Main,14.85,20,563,0,35.7
1102,90,Hummus Plate,Starter,6.11,3,144,1,80.1
1103,90,Fries,Side,5.66,6,270,0,70.2
1104,90,Soup,Starter,6.74,8,183,0,79.2
1105,90,Chinese Pasta,Main,13.03,16,603,0,18.6
1106,90,Chinese Ramen,Main,14.91,24,477,0,56.7
1107,90,Chinese Curry,Main,14.94,18,512,0,43.5
1108,90,Chinese Rice Bowl,Main,16.55,19,404,0,46.1
1109,90,Baklava,Dessert,6.62,7,494,0,52.4
1110,90,Soup,Starter,4.0,8,274,0,73.9
1111,90,Chinese Burger,Main,15.29,18,829,1,24.3
1112,90,Garlic Bread,Starter,5.25,8,239,1,68.0
1113,90,Chinese Stir Fry,Main,12.57,21,542,0,47.8
1114,90,Side Salad,Side,3.23,2,196,0,48.3
1115,90,Chinese Grilled Chicken,Main,15.38,19,619,0,65.9
1116,90,Iced Tea,Drink,4.0,5,79,0,77.5
1117,90,Chinese Stir Fry,Main,15.71,20,593,0,28.5
1118,90,Chinese Ramen,Main,14.62,20,706,0,26.9
1119,90,Lemonade,Drink,3.16,2,76,0,91.1
1120,91,Sparkling Water,Drink,5.17,6,132,1,65.1
1121,91,Dumplings,Starter,5.58,8,227,0,53.9
1122,91,Local cuisine Pasta,Main,13.78,19,573,0,38.9
1123,91,Local cuisine Pasta,Main,15.24,20,801,0,40.2
1124,91,Onion Rings,Side,3.35,8,328,1,45.0
1125,91,Local cuisine Rice Bowl,Main,10.09,19,830,0,40.2
1126,91,Soft Drink,Drink,3.2,2,107,0,49.9
1127,91,Local cuisine Curry,Main,14.54,21,497,0,48.0
1128,91,Local cuisine Pizza,Main,9.71,20,733,1,42.5
1129,91,Bread Basket,Side,3.82,7,296,0,73.4
1130,91,Local cuisine Grilled Chicken,Main,13.85,19,631,0,23.3
1131,91,Ice Cream,Dessert,5.69,3,392,1,63.2
1132,91,Local cuisine Curry,Main,15.67,21,757,0,5.0
1133,91,Garlic Bread,Starter,5.28,6,184,0,55.8
1134,91,Soup,Starter,4.22,6,254,0,68.2
1135,91,Local cuisine Burger,Main,12.85,20,610,0,55.9
1136,92,Bruschetta,Starter,6.01,10,147,0,62.0
1137,92,Baklava,Dessert,7.2,3,360,0,64.8
1138,92,Bread Basket,Side,5.15,7,318,0,63.9
1139,92,Pizza Grilled Chicken,Main,16.25,20,697,1,50.2
1140,92,Pizza Pasta,Main,19.59,21,590,0,39.9
1141,92,Soft Drink,Drink,4.32,5,60,0,91.1
1142,92,Fruit Tart,Dessert,7.19,6,380,1,67.1
1143,92,Spring Rolls,Starter,6.58,9,260,0,43.5
1144,92,Tiramisu,Dessert,8.44,6,494,0,54.7
1145,92,Fruit Tart,Dessert,5.97,9,505,0,77.6
1146,92,Coffee,Drink,3.94,2,103,0,65.8
1147,92,Pizza Rice Bowl,Main,19.19,19,761,0,31.2
1148,92,Pizza Curry,Main,18.34,21,742,0,31.0
1149,92,Bread Basket,Side,3.89,11,288,0,52.8
1150,93,Spring Rolls,Starter,3.67,8,333,0,68.1
1151,93,Salad,Starter,4.31,6,150,0,74.8
1152,93,Spring Rolls,Starter,3.73,10,185,0,41.8
1153,93,Bakery Pizza,Main,9.89,20,753,1,49.3
1154,93,Bakery Steak,Main,9.09,23,608,0,43.6
1155,93,Bakery Stir Fry,Main,7.16,17,737,0,62.4
1156,93,Bakery Pasta,Main,8.69,20,528,0,44.1
1157,93,Hummus Plate,Starter,3.64,7,250,0,25.4
1158,93,Bruschetta,Starter,2.85,7,215,0,73.8
1159,93,Bruschetta,Starter,4.28,6,184,1,40.3
1160,93,Bakery Steak,Main,11.35,17,606,0,79.4
1161,93,Dumplings,Starter,3.55,7,175,0,69.0
1162,93,Bakery Tacos,Main,10.84,21,761,0,54.0
1163,93,Onion Rings,Side,2.91,10,287,0,59.3
1164,94,Sparkling Water,Drink,2.71,2,53,0,55.2
1165,94,Brownie,Dessert,4.57,7,405,0,54.3
1166,94,Fries,Side,3.57,7,266,0,73.5
1167,94,Baklava,Dessert,4.28,5,481,1,63.8
1168,94,Spring Rolls,Starter,4.49,9,259,1,71.3
1169,94,Pizza Pasta,Main,8.64,24,490,0,34.7
1170,94,Side Salad,Side,2.85,7,248,1,71.4
1171,94,Pizza Pizza,Main,8.31,20,831,0,42.6
1172,94,Bruschetta,Starter,4.02,8,265,1,56.2
1173,94,Tiramisu,Dessert,3.98,5,482,0,46.1
1174,94,Pizza Tacos,Main,11.74,19,608,0,44.6
1175,94,Bruschetta,Starter,4.48,9,215,0,58.1
1176,94,Pizza Stir Fry,Main,8.26,21,765,0,66.4
1177,94,Pizza Grilled Chicken,Main,9.54,22,914,0,64.5
1178,94,Cheesecake,Dessert,3.77,5,335,0,59.1
1179,94,Pizza Curry,Main,9.41,22,404,1,63.2
1180,94,Pizza Steak,Main,8.16,21,822,0,40.6
1181,95,Soft Drink,Drink,3.77,2,95,1,66.5
1182,95,Thai Steak,Main,11.09,20,634,1,66.3
1183,95,Onion Rings,Side,4.25,5,158,0,43.3
1184,95,Brownie,Dessert,5.98,6,521,1,88.7
1185,95,Bread Basket,Side,4.48,9,260,1,56.3
1186,95,Thai Tacos,Main,11.51,18,704,0,26.0
1187,95,Onion Rings,Side,3.36,7,225,1,74.3
1188,95,Hummus Plate,Starter,4.68,5,195,1,76.0
1189,95,Thai Pizza,Main,13.38,22,875,0,67.5
1190,95,Fries,Side,4.66,8,169,1,44.4
1191,95,Thai Rice Bowl,Main,9.31,22,919,0,66.2
1192,95,Thai Ramen,Main,13.1,20,618,1,58.9
1193,95,Dumplings,Starter,5.56,9,218,1,74.3
1194,95,Salad,Starter,5.68,10,170,1,92.5
1195,96,Chinese Grilled Chicken,Main,13.68,15,700,0,65.9
1196,96,Chinese Rice Bowl,Main,14.82,19,547,0,37.0
1197,96,Chinese Tacos,Main,15.98,20,491,0,54.5
1198,96,Ice Cream,Dessert,5.85,8,310,1,47.5
1199,96,Chinese Pasta,Main,13.79,20,447,0,46.9
1200,96,Hummus Plate,Starter,5.79,5,233,0,77.5
1201,96,Ice Cream,Dessert,6.7,7,248,1,44.3
1202,96,Fresh Juice,Drink,4.25,2,89,1,77.0
1203,96,Hummus Plate,Starter,4.08,4,222,1,66.2
1204,96,Brownie,Dessert,7.17,5,392,1,40.0
1205,97,Spanish Pasta,Main,8.98,18,672,0,66.0
1206,97,Spanish Stir Fry,Main,8.76,20,550,0,45.5
1207,97,Soft Drink,Drink,2.68,3,93,0,51.9
1208,97,Coffee,Drink,3.37,2,82,0,62.3
1209,97,Spanish Pasta,Main,9.25,21,683,0,44.7
1210,97,Fries,Side,3.5,12,319,0,63.6
1211,97,Soup,Starter,4.16,7,241,0,72.0
1212,97,Fruit Tart,Dessert,4.43,9,284,0,75.0
1213,98,Bruschetta,Starter,2.42,5,317,0,56.8
1214,98,Onion Rings,Side,2.58,4,238,0,50.8
1215,98,Rice,Side,2.11,8,203,0,85.3
1216,98,Pizza Burger,Main,6.66,19,758,1,62.3
1217,98,Pizza Rice Bowl,Main,6.76,22,574,0,39.9
1218,98,Soft Drink,Drink,1.72,2,76,0,52.0
1219,98,Side Salad,Side,1.82,9,271,0,63.0
1220,98,Pizza Pizza,Main,6.89,23,820,0,48.8
1221,98,Soup,Starter,2.35,10,281,1,67.5
1222,98,Baklava,Dessert,3.4,6,395,0,53.4
1223,98,Garlic Bread,Starter,2.47,7,150,0,66.5
1224,98,Baklava,Dessert,3.64,9,488,0,43.2
1225,98,Pizza Pizza,Main,7.67,23,852,0,26.7
1226,98,Ice Cream,Dessert,3.31,9,489,0,56.6
1227,99,Baklava,Dessert,3.84,10,369,1,53.6
1228,99,Bruschetta,Starter,4.69,7,191,0,45.2
1229,99,Indian Grilled Chicken,Main,14.27,27,617,0,26.6
1230,99,Indian Burger,Main,13.14,25,701,1,29.9
1231,99,Indian Pasta,Main,14.98,25,868,1,71.6
1232,99,Bruschetta,Starter,5.37,7,189,1,63.4
1233,99,Indian Tacos,Main,11.58,27,655,1,34.2
1234,99,Hummus Plate,Starter,5.59,10,263,0,58.3
1235,99,Indian Burger,Main,16.1,24,747,1,11.9
1236,99,Tiramisu,Dessert,6.13,7,411,0,42.4
1237,99,Ice Cream,Dessert,6.77,7,321,1,61.0
1238,99,Bruschetta,Starter,5.57,8,193,1,82.1
1239,99,Dumplings,Starter,6.27,8,223,0,85.3
1240,99,Brownie,Dessert,6.43,2,383,1,69.4
1241,99,Indian Stir Fry,Main,11.85,25,731,1,39.7
1242,99,Lemonade,Drink,4.16,4,109,0,86.1
1243,99,Indian Pizza,Main,9.39,29,930,1,65.7
1244,100,Tiramisu,Dessert,5.89,4,337,1,66.5
1245,100,Chinese Curry,Main,8.14,19,457,0,73.5
1246,100,Soft Drink,Drink,3.26,4,78,0,49.4
1247,100,Garlic Bread,Starter,3.87,11,215,0,66.5
1248,100,Lemonade,Drink,3.05,2,75,0,92.2
1249,100,Chinese Ramen,Main,13.82,18,572,1,61.9
1250,100,Rice,Side,3.35,6,172,0,56.8
1251,100,Soft Drink,Drink,2.86,4,96,0,66.7
1252,101,Pizza Pizza,Main,9.79,24,570,0,50.8
1253,101,Pizza Grilled Chicken,Main,12.82,19,761,0,37.8
1254,101,Rice,Side,3.94,6,197,1,55.8
1255,101,Pizza Pizza,Main,16.13,21,669,0,73.0
1256,101,Pizza Pizza,Main,12.72,19,622,0,42.6
1257,101,Pizza Stir Fry,Main,12.67,20,479,1,57.4
1258,101,Fruit Tart,Dessert,7.17,9,444,0,58.1
1259,101,Pizza Ramen,Main,14.43,23,755,1,42.5
1260,101,Soup,Starter,5.67,8,195,0,44.6
1261,101,Side Salad,Side,3.37,4,227,0,84.5
1262,101,Side Salad,Side,4.21,7,213,1,84.2
1263,101,Pizza Grilled Chicken,Main,12.97,18,621,1,47.5
1264,101,Pizza Pizza,Main,11.69,17,927,0,55.5
1265,101,Dumplings,Starter,4.72,5,216,0,73.2
1266,102,Soup,Starter,4.65,8,185,1,77.4
1267,102,Soft Drink,Drink,4.21,5,60,0,99.0
1268,102,Soft Drink,Drink,3.68,2,89,1,53.1
1269,102,Thai Curry,Main,12.85,19,574,1,42.5
1270,102,Hummus Plate,Starter,5.54,9,199,1,67.6
1271,102,Fruit Tart,Dessert,4.79,6,367,1,70.1
1272,102,Garlic Bread,Starter,5.76,9,224,1,72.1
1273,102,Rice,Side,4.46,5,296,0,80.6
1274,103,Pizza Grilled Chicken,Main,9.88,16,563,1,64.7
1275,103,Ice Cream,Dessert,4.35,7,492,0,72.4
1276,103,Bread Basket,Side,2.83,10,397,1,78.8
1277,103,Sparkling Water,Drink,2.58,3,94,0,13.1
1278,103,Pizza Pasta,Main,8.08,20,621,0,59.4
1279,103,Pizza Curry,Main,8.96,19,669,0,68.0
1280,103,Soft Drink,Drink,2.16,3,78,0,58.8
1281,103,Lemonade,Drink,2.42,2,86,0,78.8
1282,103,Soup,Starter,2.63,5,264,0,34.8
1283,103,Tiramisu,Dessert,4.6,9,314,0,60.1
1284,103,Fresh Juice,Drink,2.19,4,105,1,89.2
1285,103,Coffee,Drink,2.46,8,114,1,52.1
1286,103,Garlic Bread,Starter,2.89,6,281,0,57.0
1287,103,Pizza Ramen,Main,8.84,19,754,1,59.6
1288,103,Pizza Tacos,Main,7.87,23,612,1,69.1
1289,103,Pizza Burger,Main,9.09,21,496,0,86.4
1290,103,Tiramisu,Dessert,4.32,4,584,0,67.6
1291,104,Italian Ramen,Main,11.27,18,731,0,58.5
1292,104,Italian Tacos,Main,9.22,19,431,0,50.9
1293,104,Italian Tacos,Main,9.74,18,537,1,65.7
1294,104,Lemonade,Drink,2.52,3,79,0,61.9
1295,104,Italian Tacos,Main,11.52,22,554,0,48.9
1296,104,Italian Pizza,Main,9.46,17,801,1,46.9
1297,104,Garlic Bread,Starter,3.66,10,274,0,62.5
1298,104,Hummus Plate,Starter,3.58,9,189,1,63.3
1299,104,Onion Rings,Side,2.45,3,331,1,71.6
1300,105,Onion Rings,Side,2.64,8,282,0,63.3
1301,105,Lemonade,Drink,3.06,2,103,0,60.5
1302,105,Rice,Side,4.37,5,331,0,58.8
1303,105,Sparkling Water,Drink,4.9,2,82,0,35.4
1304,105,Fresh Juice,Drink,4.25,3,50,0,44.4
1305,105,Local cuisine Pizza,Main,15.84,22,700,0,62.7
1306,106,Fries,Side,2.76,11,262,1,99.0
1307,106,Chinese Steak,Main,9.29,19,681,1,74.9
1308,106,Salad,Starter,1.97,6,217,0,12.6
1309,106,Hummus Plate,Starter,3.0,8,197,0,66.6
1310,106,Soft Drink,Drink,2.09,5,91,0,51.0
1311,106,Chinese Pizza,Main,7.97,22,543,0,57.5
1312,106,Chinese Ramen,Main,8.71,19,746,1,48.6
1313,106,Chinese Pizza,Main,6.79,21,658,0,62.2
1314,106,Chinese Ramen,Main,6.36,19,817,0,73.5
1315,106,Fresh Juice,Drink,2.33,3,92,0,53.8
1316,106,Chinese Ramen,Main,9.96,22,510,0,46.0
1317,106,Chinese Pizza,Main,8.04,19,833,0,59.2
1318,106,Ice Cream,Dessert,3.16,6,461,0,48.5
1319,106,Cheesecake,Dessert,2.89,6,464,0,76.4
1320,106,Fruit Tart,Dessert,3.42,2,369,0,85.1
1321,106,Fresh Juice,Drink,2.77,2,63,1,94.3
1322,106,Bruschetta,Starter,3.96,7,182,0,35.2
1323,106,Bruschetta,Starter,4.51,8,258,0,39.8
1324,106,Spring Rolls,Starter,2.8,9,239,0,54.6
1325,107,Baklava,Dessert,7.41,2,378,0,66.2
1326,107,Side Salad,Side,5.53,9,360,0,56.2
1327,107,Japanese Steak,Main,10.34,22,717,0,41.0
1328,107,Japanese Burger,Main,15.23,20,643,0,24.3
1329,107,Japanese Grilled Chicken,Main,17.18,19,561,1,22.7
1330,107,Soft Drink,Drink,4.39,2,115,0,69.1
1331,107,Bruschetta,Starter,7.46,11,229,0,62.6
1332,107,Japanese Ramen,Main,12.08,20,829,0,31.8
1333,107,Japanese Grilled Chicken,Main,18.45,19,378,0,20.9
1334,107,Brownie,Dessert,8.44,6,415,0,70.1
1335,107,Tiramisu,Dessert,7.46,12,389,0,43.0
1336,107,Japanese Tacos,Main,15.16,20,693,1,51.6
1337,107,Japanese Pasta,Main,13.87,21,772,0,29.8
1338,107,Soft Drink,Drink,4.89,2,116,0,52.9
1339,107,Hummus Plate,Starter,5.51,8,254,0,61.3
1340,107,Brownie,Dessert,6.97,4,281,0,39.0
1341,107,Japanese Burger,Main,20.61,21,638,0,11.2
1342,107,Bread Basket,Side,6.55,7,417,0,78.5
1343,107,Japanese Rice Bowl,Main,19.01,20,587,0,19.2
1344,108,Local cuisine Curry,Main,13.75,20,638,0,31.9
1345,108,Coffee,Drink,3.78,3,116,0,46.2
1346,108,Onion Rings,Side,4.95,6,290,0,62.8
1347,108,Fresh Juice,Drink,4.25,2,126,1,72.2
1348,108,Local cuisine Ramen,Main,15.92,19,802,0,22.4
1349,108,Sparkling Water,Drink,3.31,2,61,0,81.1
1350,108,Local cuisine Ramen,Main,18.27,19,537,0,29.4
1351,108,Onion Rings,Side,5.84,5,268,1,65.9
1352,108,Local cuisine Ramen,Main,11.17,17,843,0,45.8
1353,108,Local cuisine Ramen,Main,18.24,17,771,0,44.6
1354,108,Local cuisine Rice Bowl,Main,13.95,21,642,1,62.4
1355,108,Lemonade,Drink,3.39,4,72,0,75.1
1356,108,Local cuisine Burger,Main,16.23,19,575,0,27.0
1357,108,Garlic Bread,Starter,5.15,10,225,1,74.5
1358,109,Bakery Steak,Main,13.74,21,487,1,23.1
1359,109,Bread Basket,Side,4.57,7,243,0,47.2
1360,109,Brownie,Dessert,7.04,8,320,0,46.2
1361,109,Rice,Side,4.28,7,311,1,67.5
1362,109,Spring Rolls,Starter,6.0,9,250,0,73.7
1363,109,Bakery Stir Fry,Main,11.12,19,614,1,45.4
1364,109,Soup,Starter,4.12,7,143,0,66.9
1365,109,Soft Drink,Drink,3.85,2,101,0,40.8
1366,109,Baklava,Dessert,7.48,6,371,0,38.4
1367,109,Hummus Plate,Starter,6.11,10,252,1,88.7
1368,109,Rice,Side,4.15,11,219,0,57.4
1369,109,Rice,Side,3.91,6,325,0,64.1
1370,109,Bakery Pizza,Main,9.05,17,600,0,50.4
1371,109,Cheesecake,Dessert,7.63,6,280,1,82.4
1372,110,Mediterranean Rice Bowl,Main,10.45,21,955,1,63.6
1373,110,Fruit Tart,Dessert,4.54,5,485,1,42.9
1374,110,Sparkling Water,Drink,2.89,4,52,1,97.1
1375,110,Garlic Bread,Starter,3.5,9,135,0,60.9
1376,110,Garlic Bread,Starter,4.39,11,224,1,43.6
1377,110,Tiramisu,Dessert,4.25,7,437,0,71.7
1378,110,Mediterranean Steak,Main,10.03,23,556,0,44.7
1379,110,Ice Cream,Dessert,5.05,4,356,0,70.8
1380,110,Fresh Juice,Drink,3.08,4,105,1,75.1
1381,110,Soup,Starter,4.47,7,211,0,58.0
1382,110,Lemonade,Drink,2.2,2,106,0,99.0
1383,110,Bruschetta,Starter,3.5,9,277,0,74.8
1384,111,Fruit Tart,Dessert,7.14,6,239,0,59.7
1385,111,Coffee,Drink,3.03,4,127,0,64.5
1386,111,Onion Rings,Side,3.47,6,380,0,52.5
1387,111,Bakery Stir Fry,Main,12.18,22,393,0,84.6
1388,111,Bakery Rice Bowl,Main,14.19,23,820,1,57.5
1389,111,Dumplings,Starter,6.78,5,245,0,60.0
1390,111,Bruschetta,Starter,5.53,9,269,0,58.3
1391,111,Bakery Stir Fry,Main,11.42,19,684,0,63.3
1392,112,Onion Rings,Side,3.1,10,205,0,63.0
1393,112,Ice Cream,Dessert,3.33,7,234,0,81.9
1394,112,Iced Tea,Drink,2.45,4,86,1,86.2
1395,112,Pizza Stir Fry,Main,8.57,19,763,0,81.5
1396,112,Baklava,Dessert,5.34,8,368,1,60.7
1397,112,Garlic Bread,Starter,4.71,6,167,1,51.6
1398,112,Baklava,Dessert,4.58,6,489,1,57.5
1399,112,Soft Drink,Drink,2.72,2,78,0,91.5
1400,112,Bread Basket,Side,3.14,9,191,0,85.1
1401,112,Dumplings,Starter,5.68,10,239,1,51.3
1402,112,Sparkling Water,Drink,2.81,5,75,0,69.9
1403,112,Soup,Starter,4.71,7,249,1,80.6
1404,113,Bruschetta,Starter,2.81,12,239,1,49.4
1405,113,Dumplings,Starter,3.1,8,154,0,50.9
1406,113,Bruschetta,Starter,2.63,6,199,0,56.0
1407,113,Coffee,Drink,1.5,2,74,0,72.0
1408,113,Mexican Rice Bowl,Main,8.26,21,708,0,62.5
1409,113,Bruschetta,Starter,2.65,8,175,0,66.2
1410,113,Side Salad,Side,2.33,6,350,0,96.3
1411,113,Fresh Juice,Drink,1.5,3,98,0,64.1
1412,113,Garlic Bread,Starter,2.5,8,130,0,50.9
1413,113,Mexican Curry,Main,7.06,20,905,0,64.3
1414,114,French Ramen,Main,10.52,24,566,0,37.2
1415,114,Sparkling Water,Drink,2.61,6,109,1,90.1
1416,114,Soft Drink,Drink,3.71,2,126,0,38.3
1417,114,French Ramen,Main,12.08,24,576,0,32.7
1418,114,Fries,Side,2.71,7,355,1,61.2
1419,114,Fresh Juice,Drink,2.92,2,75,0,78.0
1420,114,Salad,Starter,4.38,8,185,0,52.8
1421,114,Ice Cream,Dessert,4.78,6,423,0,78.2
1422,114,Sparkling Water,Drink,3.1,2,82,0,50.9
1423,114,Sparkling Water,Drink,3.06,3,89,0,58.2
1424,114,Soup,Starter,4.24,13,267,1,66.7
1425,114,French Tacos,Main,10.75,29,524,0,21.9
1426,114,French Stir Fry,Main,11.16,23,837,0,44.5
1427,114,French Burger,Main,10.08,28,538,1,63.5
1428,114,Soup,Starter,4.42,10,196,0,61.5
1429,114,Brownie,Dessert,4.34,9,332,0,52.5
1430,115,Soft Drink,Drink,2.5,3,89,0,65.8
1431,115,Baklava,Dessert,5.11,8,421,0,69.2
1432,115,Hummus Plate,Starter,5.31,4,313,1,94.1
1433,115,Mediterranean Pasta,Main,10.33,18,698,1,56.4
1434,115,Fresh Juice,Drink,2.93,2,95,1,45.5
1435,115,Brownie,Dessert,5.09,7,531,1,83.3
1436,115,Lemonade,Drink,3.42,7,66,0,60.1
1437,115,Mediterranean Ramen,Main,13.47,18,749,1,57.3
1438,116,Bakery Steak,Main,13.98,18,511,0,24.9
1439,116,Salad,Starter,5.73,13,240,0,44.6
1440,116,Bakery Burger,Main,15.96,19,803,0,93.4
1441,116,Fresh Juice,Drink,3.61,3,76,1,72.9
1442,116,Bread Basket,Side,4.39,10,356,0,57.7
1443,116,Onion Rings,Side,5.84,7,296,1,41.8
1444,116,Bakery Curry,Main,13.78,23,796,0,43.9
1445,116,Bakery Curry,Main,16.89,20,738,0,65.2
1446,116,Bakery Curry,Main,13.69,23,841,0,29.5
1447,116,Hummus Plate,Starter,6.99,5,150,0,59.6
1448,116,Bakery Curry,Main,14.73,21,588,1,49.0
1449,116,Bakery Stir Fry,Main,16.67,17,460,0,66.5
1450,116,Side Salad,Side,4.63,5,240,0,55.4
1451,116,Bakery Tacos,Main,11.46,17,405,1,58.0
1452,116,Iced Tea,Drink,3.36,4,103,0,62.9
1453,116,Soft Drink,Drink,3.51,2,119,0,61.1
1454,116,Cheesecake,Dessert,5.41,7,317,0,99.0
1455,117,French Pasta,Main,12.09,27,460,1,51.2
1456,117,Fries,Side,3.31,4,388,1,65.7
1457,117,French Curry,Main,17.37,27,880,0,19.0
1458,117,French Rice Bowl,Main,13.88,27,438,1,59.1
1459,117,Side Salad,Side,4.74,6,309,1,58.1
1460,117,French Steak,Main,11.58,25,586,1,29.3
1461,117,Coffee,Drink,4.61,2,96,0,83.1
1462,117,French Stir Fry,Main,12.2,24,763,0,35.2
1463,117,Brownie,Dessert,5.83,6,570,1,75.2
1464,117,Onion Rings,Side,4.58,6,208,0,87.5
1465,117,Soup,Starter,5.78,10,334,1,43.9
1466,117,Side Salad,Side,5.01,7,364,0,67.0
1467,117,French Burger,Main,12.38,25,678,0,40.6
1468,117,Fruit Tart,Dessert,5.58,4,457,1,69.2
1469,117,French Stir Fry,Main,10.58,25,475,0,60.6
1470,117,French Rice Bowl,Main,13.99,28,684,0,57.1
1471,118,Fruit Tart,Dessert,6.17,8,339,1,65.1
1472,118,Bread Basket,Side,5.17,5,292,1,58.1
1473,118,Bread Basket,Side,4.75,4,232,0,57.6
1474,118,Greek Tacos,Main,15.45,17,782,1,29.6
1475,118,Baklava,Dessert,6.83,9,304,0,60.7
1476,118,Cheesecake,Dessert,7.77,5,457,1,83.2
1477,118,Coffee,Drink,4.26,2,81,1,59.3
1478,118,Baklava,Dessert,7.65,6,425,1,54.0
1479,118,Salad,Starter,7.72,10,247,1,51.1
1480,118,Side Salad,Side,4.94,2,262,0,55.4
1481,119,Salad,Starter,3.58,9,172,1,49.5
1482,119,Bread Basket,Side,2.36,8,202,0,49.6
1483,119,Coffee,Drink,2.24,2,97,1,65.0
1484,119,Bruschetta,Starter,3.79,7,216,0,90.3
1485,119,Garlic Bread,Starter,2.83,7,225,0,54.9
1486,119,Sparkling Water,Drink,2.1,2,120,1,67.0
1487,119,Hummus Plate,Starter,2.77,9,177,0,57.0
1488,119,Mexican Pasta,Main,8.12,17,559,0,55.3
1489,119,Fresh Juice,Drink,2.38,2,107,0,84.1
1490,119,Onion Rings,Side,2.5,4,402,1,79.9
1491,120,Salad,Starter,5.1,4,200,0,74.6
1492,120,Garlic Bread,Starter,6.51,9,196,0,53.8
1493,120,French Rice Bowl,Main,14.02,25,568,0,50.9
1494,120,Bruschetta,Starter,5.6,5,269,1,85.2
1495,120,Cheesecake,Dessert,4.95,8,451,0,56.5
1496,120,Lemonade,Drink,2.84,2,67,0,43.8
1497,120,French Ramen,Main,13.36,26,696,0,59.5
1498,120,Lemonade,Drink,3.61,2,113,0,46.9
1499,120,Bread Basket,Side,2.89,8,340,0,77.3
1500,120,French Ramen,Main,16.32,28,765,0,39.2
