payment_id,order_id,payment_datetime,payment_method,amount_eur,payment_status,currency
1,776,2026-04-18 22:31:25,PayPal,4.99,Completed,EUR
2,572,2026-04-25 19:42:01,Debit Card,6.38,Completed,EUR
3,1058,2025-09-19 21:07:30,Credit Card,20.64,Completed,EUR
4,2981,2026-05-02 23:12:53,Credit Card,10.9,Failed,EUR
5,1357,2026-07-20 13:04:16,Credit Card,4.79,Completed,EUR
6,2114,2026-01-22 20:47:30,Google Pay,11.38,Completed,EUR
7,3844,2026-08-12 20:26:57,Credit Card,17.36,Completed,EUR
8,3660,2026-07-18 22:41:38,Apple Pay,6.51,Completed,EUR
9,2119,2025-10-27 12:38:47,PayPal,7.32,Completed,EUR
10,419,2026-08-14 08:01:12,Debit Card,6.66,Completed,EUR
11,1597,2026-01-27 21:06:34,PayPal,6.02,Completed,EUR
12,389,2025-12-23 17:33:27,Apple Pay,4.87,Completed,EUR
13,3087,2026-03-29 21:16:03,Debit Card,7.83,Completed,EUR
14,2151,2025-11-15 19:12:37,Credit Card,8.54,Completed,EUR
15,2860,2026-02-23 21:36:44,Debit Card,5.59,Completed,EUR
16,2142,2026-08-29 21:02:44,Debit Card,5.3,Completed,EUR
17,2144,2026-01-17 21:29:42,Credit Card,18.86,Completed,EUR
18,1695,2025-11-20 13:16:44,PayPal,5.78,Completed,EUR
19,3831,2026-08-02 15:55:44,Debit Card,8.2,Completed,EUR
20,2479,2026-02-04 21:09:23,PayPal,5.03,Completed,EUR
21,2404,2026-04-19 12:28:59,Google Pay,5.64,Completed,EUR
22,251,2026-05-25 19:38:43,Credit Card,11.39,Completed,EUR
23,573,2026-03-03 20:51:43,Debit Card,19.64,Completed,EUR
24,2765,2026-08-23 11:34:35,PayPal,38.88,Refunded,EUR
25,953,2026-08-02 21:46:54,Credit Card,17.21,Completed,EUR
26,3040,2026-07-31 14:31:22,Debit Card,7.24,Completed,EUR
27,2799,2026-08-21 13:28:22,Credit Card,11.17,Completed,EUR
28,2562,2026-08-06 23:42:50,PayPal,12.74,Completed,EUR
29,4251,2025-09-06 21:53:43,PayPal,6.19,Completed,EUR
30,2848,2026-07-28 20:11:18,Debit Card,19.04,Completed,EUR
31,3755,2026-04-17 19:36:18,Apple Pay,10.41,Completed,EUR
32,2665,2026-01-03 12:31:17,PayPal,44.64,Completed,EUR
33,1590,2026-05-02 12:46:33,Apple Pay,6.14,Completed,EUR
34,3352,2026-02-13 13:14:55,Credit Card,14.55,Completed,EUR
35,3929,2025-11-12 21:43:38,Credit Card,10.4,Completed,EUR
36,3632,2026-01-04 13:37:44,PayPal,23.18,Completed,EUR
37,889,2026-07-30 14:47:18,Google Pay,18.33,Completed,EUR
38,3475,2026-08-18 20:43:19,Credit Card,15.98,Completed,EUR
39,4010,2026-03-30 20:35:18,Debit Card,18.6,Completed,EUR
40,2737,2026-06-14 20:48:58,Debit Card,35.54,Completed,EUR
41,403,2026-01-18 21:04:44,PayPal,11.64,Completed,EUR
42,2410,2025-12-26 13:20:53,Credit Card,4.7,Completed,EUR
43,3515,2025-09-02 13:13:08,PayPal,5.33,Completed,EUR
44,3233,2025-09-26 19:06:14,Apple Pay,6.45,Completed,EUR
45,689,2026-07-12 19:33:48,Apple Pay,26.59,Completed,EUR
46,3678,2026-08-27 21:05:08,Credit Card,6.46,Completed,EUR
47,3967,2026-05-18 12:43:16,Credit Card,18.81,Completed,EUR
48,1922,2026-06-21 11:21:27,Debit Card,15.22,Completed,EUR
49,2296,2026-08-09 11:31:59,Apple Pay,10.11,Completed,EUR
50,3953,2025-12-11 08:02:58,Debit Card,16.99,Completed,EUR
51,877,2026-07-25 22:00:49,Credit Card,17.28,Completed,EUR
52,554,2026-05-08 12:02:10,Credit Card,18.22,Completed,EUR
53,3899,2026-02-24 23:12:32,Debit Card,23.0,Completed,EUR
54,4172,2026-06-13 14:16:26,Credit Card,10.05,Completed,EUR
55,3367,2025-09-16 12:55:46,PayPal,27.33,Completed,EUR
56,559,2026-06-11 12:18:26,Credit Card,5.37,Completed,EUR
57,1407,2025-10-24 13:35:21,Debit Card,7.28,Completed,EUR
58,702,2026-02-20 21:43:13,Debit Card,10.05,Completed,EUR
59,3080,2026-06-29 14:57:18,Debit Card,6.22,Completed,EUR
60,770,2026-01-29 14:08:56,PayPal,15.99,Completed,EUR
61,620,2025-12-11 18:41:08,Credit Card,7.65,Completed,EUR
62,3213,2026-07-09 16:43:11,Apple Pay,8.29,Completed,EUR
63,2079,2026-08-02 15:01:07,Credit Card,20.7,Completed,EUR
64,3778,2026-08-09 11:04:08,Credit Card,19.34,Completed,EUR
65,3658,2026-03-03 23:35:10,Credit Card,23.21,Completed,EUR
66,3705,2026-07-31 21:00:51,Debit Card,12.22,Completed,EUR
67,2858,2026-05-23 21:13:24,Debit Card,5.21,Completed,EUR
68,125,2025-12-30 12:05:14,PayPal,10.79,Completed,EUR
69,3740,2025-12-13 21:46:34,Credit Card,8.23,Completed,EUR
70,3425,2026-03-20 13:17:08,Credit Card,11.86,Completed,EUR
71,1458,2026-05-14 21:01:54,Apple Pay,9.44,Completed,EUR
72,1375,2026-05-14 15:02:26,PayPal,8.79,Completed,EUR
73,3305,2026-04-04 12:35:06,Google Pay,7.55,Completed,EUR
74,646,2026-02-18 14:34:26,Debit Card,10.6,Completed,EUR
75,4482,2025-09-12 20:36:01,Debit Card,57.86,Completed,EUR
76,4092,2026-07-29 10:02:33,Google Pay,7.03,Refunded,EUR
77,71,2026-02-03 11:16:44,Credit Card,32.81,Completed,EUR
78,1252,2026-04-04 17:56:05,Credit Card,14.32,Completed,EUR
79,4029,2025-11-15 13:20:01,Credit Card,11.18,Completed,EUR
80,3048,2025-12-06 20:59:07,Apple Pay,14.8,Completed,EUR
81,2025,2026-06-16 10:19:25,PayPal,10.79,Completed,EUR
82,1575,2026-01-24 12:54:14,Credit Card,8.34,Completed,EUR
83,600,2025-12-08 20:55:30,PayPal,17.83,Completed,EUR
84,3624,2025-12-10 12:17:45,Debit Card,6.25,Completed,EUR
85,254,2026-05-15 17:34:40,Credit Card,6.94,Completed,EUR
86,3311,2026-03-12 18:18:14,Credit Card,32.54,Completed,EUR
87,481,2025-09-13 11:52:13,PayPal,6.38,Completed,EUR
88,2976,2026-07-19 19:07:47,Apple Pay,41.36,Completed,EUR
89,3485,2026-04-02 14:24:54,PayPal,20.57,Completed,EUR
90,1199,2025-10-05 10:30:17,Credit Card,53.33,Completed,EUR
91,1153,2025-11-08 13:51:50,Credit Card,5.56,Completed,EUR
92,1186,2026-05-30 21:54:15,Apple Pay,42.57,Completed,EUR
93,411,2026-02-04 20:17:20,Credit Card,36.32,Completed,EUR
94,279,2026-06-02 18:02:50,PayPal,7.3,Completed,EUR
95,1124,2026-06-26 15:00:30,Credit Card,11.7,Completed,EUR
96,2029,2025-10-14 20:17:21,Google Pay,14.58,Completed,EUR
97,2393,2026-01-05 12:12:22,Debit Card,10.72,Completed,EUR
98,2376,2025-12-07 14:45:27,Credit Card,27.82,Completed,EUR
99,1172,2026-01-25 21:08:31,Debit Card,5.11,Completed,EUR
100,3277,2026-07-25 13:29:56,Google Pay,19.94,Completed,EUR
101,66,2026-08-17 11:14:18,Debit Card,5.26,Completed,EUR
102,2533,2025-09-19 22:35:08,PayPal,14.77,Completed,EUR
103,3319,2026-07-29 22:48:11,Credit Card,5.39,Completed,EUR
104,2217,2026-06-12 21:51:46,PayPal,9.28,Completed,EUR
105,494,2026-01-20 10:00:29,Apple Pay,11.38,Completed,EUR
106,2072,2026-06-27 12:01:12,Credit Card,5.77,Completed,EUR
107,2279,2026-08-21 23:02:58,PayPal,9.41,Completed,EUR
108,962,2026-07-11 19:35:51,Apple Pay,11.36,Failed,EUR
109,4106,2025-12-19 21:23:33,PayPal,14.62,Completed,EUR
110,2096,2025-11-22 12:27:42,Debit Card,22.07,Completed,EUR
111,3817,2026-04-17 21:29:22,Google Pay,22.38,Completed,EUR
112,2714,2026-05-29 21:59:54,Apple Pay,26.9,Completed,EUR
113,4361,2026-05-04 11:02:09,Credit Card,5.23,Completed,EUR
114,3710,2025-11-20 15:07:35,PayPal,5.15,Completed,EUR
115,2722,2026-05-23 14:17:50,Credit Card,11.56,Completed,EUR
116,3689,2026-04-03 13:37:18,Apple Pay,13.61,Completed,EUR
117,2709,2025-10-11 13:34:45,Apple Pay,5.29,Completed,EUR
118,2245,2026-02-06 13:37:46,Debit Card,10.39,Completed,EUR
119,4316,2026-05-13 20:22:45,PayPal,5.99,Completed,EUR
120,2431,2026-07-04 13:57:01,Debit Card,29.75,Completed,EUR
121,3630,2026-03-25 17:38:23,Google Pay,13.52,Completed,EUR
122,196,2026-06-09 11:00:09,Debit Card,20.7,Completed,EUR
123,3394,2025-10-26 17:03:21,Credit Card,39.7,Completed,EUR
124,2243,2026-02-24 19:56:58,PayPal,5.04,Completed,EUR
125,1023,2025-12-03 22:47:42,Apple Pay,14.34,Completed,EUR
126,2957,2026-08-04 13:56:17,Debit Card,7.43,Completed,EUR
127,214,2026-03-07 13:45:17,Credit Card,34.21,Completed,EUR
128,237,2025-11-21 21:50:51,Credit Card,16.1,Completed,EUR
129,2423,2026-04-20 13:18:12,Debit Card,6.04,Completed,EUR
130,2169,2026-02-16 11:48:48,PayPal,24.22,Failed,EUR
131,3420,2026-01-13 15:19:15,PayPal,10.18,Completed,EUR
132,1998,2026-02-28 23:41:14,Credit Card,47.5,Completed,EUR
133,839,2026-02-09 08:44:20,Credit Card,16.13,Completed,EUR
134,2389,2025-09-07 17:53:30,Credit Card,20.24,Completed,EUR
135,3806,2026-08-19 14:29:01,PayPal,5.61,Completed,EUR
136,2116,2026-03-25 23:42:13,PayPal,8.55,Completed,EUR
137,3984,2025-12-18 17:13:05,Debit Card,10.35,Completed,EUR
138,247,2026-05-08 22:46:48,Apple Pay,5.83,Completed,EUR
139,4090,2026-04-10 14:02:27,Google Pay,16.75,Completed,EUR
140,3354,2026-01-13 21:02:33,Credit Card,17.67,Completed,EUR
141,1675,2025-09-28 13:05:13,Apple Pay,8.96,Completed,EUR
142,1370,2026-04-24 18:51:23,Credit Card,8.78,Refunded,EUR
143,2396,2026-08-12 19:36:38,Google Pay,45.26,Completed,EUR
144,4418,2026-07-31 15:04:54,Google Pay,16.47,Completed,EUR
145,447,2025-12-05 18:03:14,Debit Card,11.89,Completed,EUR
146,1491,2026-03-26 20:49:45,Debit Card,18.63,Completed,EUR
147,2290,2026-04-25 15:04:29,PayPal,42.62,Completed,EUR
148,1707,2026-06-27 14:50:39,Credit Card,13.23,Completed,EUR
149,3372,2025-10-01 12:28:42,Apple Pay,9.98,Completed,EUR
150,3633,2026-04-24 21:33:30,Debit Card,7.46,Completed,EUR
151,4452,2026-06-13 14:15:23,Google Pay,7.55,Completed,EUR
152,4425,2026-05-19 22:16:24,Apple Pay,12.1,Completed,EUR
153,1718,2026-07-22 14:30:10,Debit Card,11.41,Completed,EUR
154,498,2026-03-28 23:37:04,Apple Pay,6.73,Completed,EUR
155,1371,2025-11-19 13:55:21,Debit Card,14.72,Failed,EUR
156,4412,2026-06-09 11:57:41,Credit Card,12.42,Completed,EUR
157,3,2026-03-08 20:00:22,Debit Card,5.86,Completed,EUR
158,4465,2026-01-06 19:09:19,Debit Card,5.28,Completed,EUR
159,1480,2025-10-17 16:45:30,Debit Card,10.53,Completed,EUR
160,1997,2025-12-23 21:14:54,Debit Card,7.3,Completed,EUR
161,168,2025-09-04 22:54:14,Credit Card,5.27,Completed,EUR
162,3996,2025-11-18 18:53:38,Debit Card,23.6,Completed,EUR
163,368,2026-04-26 22:03:04,PayPal,8.24,Completed,EUR
164,4199,2026-01-24 20:50:10,Credit Card,11.95,Completed,EUR
165,3721,2026-01-25 21:08:21,Apple Pay,11.26,Completed,EUR
166,3855,2025-12-24 12:24:07,PayPal,4.48,Completed,EUR
167,4442,2026-06-16 22:58:11,Credit Card,8.46,Completed,EUR
168,789,2026-05-29 21:22:22,Apple Pay,7.45,Completed,EUR
169,682,2025-11-29 20:21:39,Apple Pay,18.26,Completed,EUR
170,3249,2026-06-28 13:00:26,PayPal,16.35,Completed,EUR
171,2534,2026-07-16 12:21:05,Credit Card,7.87,Completed,EUR
172,2696,2026-08-11 20:01:22,Google Pay,6.08,Completed,EUR
173,1298,2026-07-18 20:18:15,Google Pay,5.41,Completed,EUR
174,4025,2026-03-22 19:53:05,Debit Card,6.82,Completed,EUR
175,1373,2026-06-29 14:53:29,Debit Card,8.38,Completed,EUR
176,1949,2026-08-06 19:34:18,PayPal,15.92,Completed,EUR
177,3107,2026-04-07 22:10:49,Credit Card,7.9,Completed,EUR
178,3103,2025-09-13 13:58:49,Debit Card,11.1,Completed,EUR
179,58,2025-10-27 21:26:44,Apple Pay,6.14,Completed,EUR
180,1706,2026-01-03 21:55:42,Google Pay,43.69,Completed,EUR
181,2413,2026-05-24 11:11:56,Credit Card,6.24,Completed,EUR
182,4080,2025-09-05 14:49:50,Credit Card,25.98,Completed,EUR
183,3364,2025-11-09 17:46:59,Credit Card,38.98,Completed,EUR
184,1585,2025-09-26 10:41:38,Credit Card,13.93,Completed,EUR
185,671,2026-01-30 20:37:53,Credit Card,10.38,Completed,EUR
186,4237,2026-07-27 16:05:18,Apple Pay,16.38,Failed,EUR
187,2626,2026-01-23 13:25:50,Credit Card,9.46,Completed,EUR
188,216,2026-06-09 14:49:48,PayPal,13.16,Completed,EUR
189,1525,2026-03-18 12:47:59,Debit Card,12.14,Completed,EUR
190,1952,2026-02-04 11:03:47,Google Pay,22.64,Completed,EUR
191,1462,2026-05-02 11:45:09,Credit Card,9.13,Completed,EUR
192,1660,2026-07-09 22:21:03,Credit Card,6.72,Completed,EUR
193,3308,2025-09-23 13:41:17,Credit Card,7.73,Completed,EUR
194,726,2025-12-17 22:52:33,Credit Card,34.85,Completed,EUR
195,2706,2026-01-27 19:55:50,Credit Card,18.55,Completed,EUR
196,858,2026-07-23 10:24:59,PayPal,6.51,Completed,EUR
197,3849,2025-10-18 23:29:56,PayPal,8.63,Completed,EUR
198,896,2025-12-16 15:20:16,Credit Card,15.06,Completed,EUR
199,1877,2026-04-16 13:29:17,Google Pay,5.72,Completed,EUR
200,4133,2026-04-17 20:53:05,Google Pay,23.64,Completed,EUR
201,3344,2025-12-05 11:55:58,Credit Card,40.97,Completed,EUR
202,1472,2025-10-05 14:50:57,Debit Card,11.25,Completed,EUR
203,1716,2025-12-09 12:29:29,Debit Card,5.26,Completed,EUR
204,146,2026-01-30 13:39:19,Debit Card,4.99,Completed,EUR
205,3421,2026-01-22 10:26:16,Credit Card,6.5,Completed,EUR
206,3482,2026-04-04 14:11:51,Credit Card,24.93,Completed,EUR
207,3527,2026-08-04 21:48:14,Google Pay,14.81,Completed,EUR
208,1894,2025-10-10 12:43:09,Apple Pay,17.57,Completed,EUR
209,3381,2026-07-04 19:43:38,Debit Card,36.19,Completed,EUR
210,2786,2025-12-23 13:43:51,Debit Card,9.28,Completed,EUR
211,1254,2025-12-02 23:57:30,PayPal,6.17,Completed,EUR
212,834,2026-05-16 19:30:01,PayPal,6.77,Completed,EUR
213,1598,2026-02-25 22:11:59,Apple Pay,6.54,Completed,EUR
214,2003,2026-06-19 09:16:50,PayPal,5.51,Completed,EUR
215,2280,2025-11-26 14:31:57,Apple Pay,29.96,Completed,EUR
216,2845,2026-04-09 12:02:58,Credit Card,9.19,Completed,EUR
217,2578,2025-10-14 12:27:21,Credit Card,6.39,Failed,EUR
218,2512,2026-04-04 15:07:50,Google Pay,5.21,Completed,EUR
219,1296,2025-09-05 20:40:27,Apple Pay,5.29,Completed,EUR
220,4454,2026-02-07 20:35:04,Credit Card,6.63,Completed,EUR
221,1323,2026-06-28 19:09:53,Debit Card,12.58,Completed,EUR
222,4415,2025-12-26 20:48:05,Credit Card,7.08,Completed,EUR
223,2201,2026-02-17 13:22:58,Apple Pay,10.29,Completed,EUR
224,484,2025-10-18 21:46:37,PayPal,8.68,Completed,EUR
225,2038,2026-08-28 17:34:17,Credit Card,6.07,Completed,EUR
226,1532,2026-04-29 18:28:40,Debit Card,22.33,Completed,EUR
227,1933,2026-06-03 19:24:24,Debit Card,19.59,Completed,EUR
228,2075,2026-01-29 21:45:12,Credit Card,7.59,Completed,EUR
229,4212,2026-07-15 14:45:54,Credit Card,27.28,Completed,EUR
230,3934,2026-08-14 10:07:20,PayPal,9.24,Completed,EUR
231,4197,2026-08-12 13:17:51,Apple Pay,9.29,Completed,EUR
232,1082,2026-04-04 10:47:03,PayPal,7.5,Completed,EUR
233,3814,2026-01-31 12:42:33,Debit Card,21.6,Completed,EUR
234,1812,2026-05-28 12:47:13,PayPal,12.57,Completed,EUR
235,3594,2025-11-06 13:54:54,Credit Card,11.91,Completed,EUR
236,3415,2025-12-27 18:31:19,Debit Card,17.95,Completed,EUR
237,582,2025-10-02 20:04:56,PayPal,5.33,Refunded,EUR
238,1637,2025-12-12 14:55:27,PayPal,10.12,Completed,EUR
239,2065,2026-04-13 22:24:11,Debit Card,3.74,Completed,EUR
240,4312,2026-07-13 14:18:40,Debit Card,6.47,Completed,EUR
241,2230,2025-09-19 17:43:51,Apple Pay,13.4,Refunded,EUR
242,1737,2025-12-01 20:40:25,Apple Pay,20.05,Completed,EUR
243,1976,2026-08-27 10:51:31,Google Pay,4.74,Completed,EUR
244,581,2026-05-18 20:08:32,Apple Pay,21.71,Refunded,EUR
245,4455,2025-09-28 12:33:53,Debit Card,7.55,Completed,EUR
246,2983,2026-05-28 19:34:14,Google Pay,13.31,Completed,EUR
247,1552,2026-02-13 19:59:17,Credit Card,4.91,Completed,EUR
248,4490,2026-06-27 22:00:35,Google Pay,9.52,Completed,EUR
249,2056,2025-09-12 14:49:32,Credit Card,10.1,Refunded,EUR
250,2209,2026-04-20 12:29:20,Credit Card,15.1,Completed,EUR
251,3235,2026-01-19 20:13:13,Apple Pay,28.28,Completed,EUR
252,3569,2026-07-26 21:02:48,Google Pay,38.34,Completed,EUR
253,843,2025-12-06 11:37:14,Debit Card,4.3,Completed,EUR
254,2831,2026-08-18 20:32:19,Credit Card,8.43,Completed,EUR
255,957,2026-07-11 20:21:38,Debit Card,6.51,Completed,EUR
256,4298,2026-07-17 13:03:55,Credit Card,28.01,Completed,EUR
257,1022,2026-05-02 20:45:26,Debit Card,6.22,Completed,EUR
258,2,2026-08-10 19:57:04,Debit Card,7.54,Completed,EUR
259,1406,2025-09-23 13:55:16,Credit Card,6.99,Completed,EUR
260,1680,2026-02-18 12:12:21,Debit Card,9.61,Refunded,EUR
261,2865,2026-04-28 12:34:50,Debit Card,26.46,Completed,EUR
262,3174,2026-08-26 14:59:35,PayPal,5.87,Completed,EUR
263,3028,2025-12-20 19:10:03,PayPal,43.45,Completed,EUR
264,302,2026-06-05 12:39:45,Credit Card,11.73,Completed,EUR
265,4193,2026-04-24 20:20:17,Debit Card,22.21,Completed,EUR
266,3861,2026-04-13 17:09:07,PayPal,18.58,Completed,EUR
267,1025,2025-11-07 17:20:38,PayPal,9.42,Completed,EUR
268,4000,2026-04-07 21:00:40,Apple Pay,17.45,Completed,EUR
269,772,2026-01-18 21:56:50,Credit Card,12.98,Completed,EUR
270,887,2025-09-10 22:06:34,Credit Card,3.82,Completed,EUR
271,3568,2026-03-06 21:49:43,PayPal,13.63,Completed,EUR
272,3163,2026-05-14 13:29:24,PayPal,12.22,Completed,EUR
273,3205,2025-10-18 16:19:34,Google Pay,11.82,Completed,EUR
274,3770,2026-05-09 12:07:42,Google Pay,15.6,Completed,EUR
275,1619,2026-05-05 23:10:30,Credit Card,15.96,Completed,EUR
276,786,2026-04-01 17:20:34,PayPal,6.11,Completed,EUR
277,3905,2025-10-18 18:48:55,PayPal,8.2,Completed,EUR
278,2938,2026-06-18 11:19:27,Debit Card,11.88,Completed,EUR
279,2899,2026-04-09 21:38:03,Debit Card,7.33,Completed,EUR
280,1309,2025-10-29 16:48:21,Debit Card,5.87,Completed,EUR
281,538,2025-09-10 17:36:07,Credit Card,5.65,Completed,EUR
282,3009,2026-03-13 13:23:24,Credit Card,14.3,Completed,EUR
283,940,2025-09-08 11:45:49,PayPal,13.96,Completed,EUR
284,2473,2026-08-19 21:55:12,Apple Pay,19.7,Completed,EUR
285,3761,2025-11-01 22:58:29,Credit Card,14.16,Completed,EUR
286,3017,2026-04-08 20:27:54,Debit Card,9.72,Completed,EUR
287,3474,2026-01-16 11:04:43,PayPal,16.4,Completed,EUR
288,2343,2026-07-25 20:46:19,Debit Card,25.97,Completed,EUR
289,2592,2025-12-25 17:58:54,PayPal,4.8,Completed,EUR
290,3168,2026-04-29 14:07:52,Credit Card,20.42,Completed,EUR
291,2647,2026-06-12 16:39:35,Google Pay,5.58,Completed,EUR
292,160,2025-10-11 13:57:08,PayPal,10.49,Completed,EUR
293,3805,2025-10-12 08:02:52,PayPal,27.14,Completed,EUR
294,1093,2025-10-09 10:48:00,Apple Pay,19.77,Completed,EUR
295,2083,2025-09-11 16:24:53,Debit Card,12.35,Completed,EUR
296,3303,2026-01-24 23:23:28,Debit Card,10.64,Completed,EUR
297,550,2026-05-17 20:02:45,Credit Card,4.48,Completed,EUR
298,513,2025-12-30 13:10:16,Google Pay,13.15,Completed,EUR
299,2608,2025-10-20 20:35:06,Credit Card,10.64,Refunded,EUR
300,3581,2026-01-19 22:02:23,PayPal,33.56,Completed,EUR
301,3003,2026-03-05 10:24:50,Credit Card,18.33,Completed,EUR
302,1705,2025-12-01 20:33:46,Debit Card,7.72,Completed,EUR
303,3251,2025-09-09 21:01:34,Debit Card,14.67,Completed,EUR
304,330,2026-08-27 21:02:33,Credit Card,10.61,Completed,EUR
305,4044,2026-08-22 15:00:36,PayPal,4.85,Completed,EUR
306,3272,2025-09-04 12:09:58,Credit Card,5.4,Completed,EUR
307,2564,2026-03-28 20:22:11,PayPal,41.56,Completed,EUR
308,1854,2026-03-14 12:28:04,Debit Card,12.05,Completed,EUR
309,544,2026-08-27 12:01:53,Debit Card,11.22,Completed,EUR
310,784,2026-04-04 22:05:10,Credit Card,5.5,Completed,EUR
311,2121,2025-12-19 23:03:59,Debit Card,10.43,Completed,EUR
312,328,2026-05-17 21:01:36,Debit Card,26.99,Completed,EUR
313,587,2026-07-31 13:22:25,Debit Card,22.94,Completed,EUR
314,954,2026-05-18 15:15:04,Debit Card,15.72,Completed,EUR
315,658,2025-10-04 12:17:24,Credit Card,12.47,Completed,EUR
316,4303,2026-07-24 13:22:03,PayPal,8.2,Completed,EUR
317,2118,2026-01-10 21:47:02,Apple Pay,35.57,Completed,EUR
318,1128,2026-01-14 15:45:15,Credit Card,9.04,Completed,EUR
319,2708,2025-10-27 11:58:05,Credit Card,6.07,Completed,EUR
320,1473,2026-06-06 22:01:45,Debit Card,11.48,Completed,EUR
321,1289,2026-08-11 23:33:22,Credit Card,32.79,Completed,EUR
322,3365,2026-08-05 19:34:56,Credit Card,5.42,Completed,EUR
323,1874,2026-02-11 12:02:30,Google Pay,8.87,Completed,EUR
324,743,2026-07-21 23:02:08,Apple Pay,15.83,Completed,EUR
325,3883,2025-10-25 11:23:31,Google Pay,6.02,Completed,EUR
326,3456,2026-02-16 23:39:36,Google Pay,4.58,Completed,EUR
327,1203,2026-08-01 15:06:21,PayPal,11.86,Completed,EUR
328,1628,2025-12-16 21:02:58,Credit Card,19.95,Completed,EUR
329,263,2025-10-28 22:06:25,Google Pay,15.93,Failed,EUR
330,222,2026-03-15 10:45:30,Apple Pay,10.68,Completed,EUR
331,485,2026-03-07 23:30:56,Debit Card,11.05,Completed,EUR
332,3867,2025-10-06 15:20:40,Credit Card,19.7,Completed,EUR
333,2145,2025-11-26 22:38:41,Google Pay,36.65,Completed,EUR
334,4072,2026-03-11 13:45:35,Debit Card,5.4,Completed,EUR
335,4433,2025-11-21 18:55:42,Debit Card,6.18,Completed,EUR
336,2839,2025-09-26 15:13:13,Google Pay,6.9,Completed,EUR
337,3712,2026-03-26 21:56:35,Debit Card,5.41,Completed,EUR
338,1509,2026-07-29 21:39:33,Credit Card,16.64,Completed,EUR
339,1977,2026-06-06 19:50:31,Credit Card,6.0,Completed,EUR
340,306,2026-08-07 20:39:09,Debit Card,5.32,Completed,EUR
341,1994,2026-08-30 22:12:36,Credit Card,4.75,Completed,EUR
342,1857,2026-05-17 19:04:18,Debit Card,5.7,Completed,EUR
343,1050,2026-01-01 22:27:48,Debit Card,7.97,Completed,EUR
344,3562,2025-10-31 20:38:09,Apple Pay,46.98,Completed,EUR
345,565,2026-05-17 14:45:07,Google Pay,6.01,Completed,EUR
346,3947,2026-05-21 20:12:23,Credit Card,7.89,Completed,EUR
347,1159,2026-02-18 22:03:36,Apple Pay,7.27,Completed,EUR
348,382,2026-06-25 12:36:55,Debit Card,12.18,Completed,EUR
349,4261,2026-06-18 16:06:25,Apple Pay,17.13,Completed,EUR
350,3526,2026-06-26 15:01:49,Credit Card,14.16,Completed,EUR
351,4420,2026-01-14 23:41:46,PayPal,8.18,Completed,EUR
352,603,2026-07-27 13:15:30,Credit Card,15.37,Completed,EUR
353,2136,2025-11-26 17:59:25,Credit Card,7.69,Completed,EUR
354,1330,2026-03-08 14:59:13,PayPal,27.95,Completed,EUR
355,110,2026-02-05 11:10:43,Debit Card,29.58,Completed,EUR
356,2348,2025-11-12 22:41:05,Debit Card,12.98,Completed,EUR
357,3285,2026-03-10 18:05:30,Apple Pay,17.83,Completed,EUR
358,3550,2025-12-26 23:35:19,Credit Card,12.07,Completed,EUR
359,547,2026-05-30 18:18:07,Credit Card,8.22,Completed,EUR
360,2390,2026-06-23 22:41:21,Apple Pay,7.27,Completed,EUR
361,2588,2025-11-06 13:28:28,Debit Card,5.15,Completed,EUR
362,2560,2026-03-14 22:14:26,Debit Card,38.3,Failed,EUR
363,3645,2025-12-08 14:03:21,Credit Card,28.01,Completed,EUR
364,3325,2026-01-06 23:38:13,Apple Pay,6.92,Completed,EUR
365,2218,2026-04-09 12:14:23,PayPal,4.65,Completed,EUR
366,3976,2026-01-19 19:02:43,Apple Pay,4.84,Completed,EUR
367,2228,2025-10-06 22:43:01,Google Pay,17.1,Refunded,EUR
368,1886,2025-10-23 21:18:57,Apple Pay,12.08,Completed,EUR
369,3559,2025-11-19 18:49:57,Google Pay,47.38,Completed,EUR
370,3829,2026-06-17 20:42:18,Debit Card,3.64,Completed,EUR
371,34,2026-02-28 14:47:44,Credit Card,28.03,Completed,EUR
372,3334,2025-12-26 19:14:56,PayPal,10.84,Completed,EUR
373,25,2025-11-06 12:05:41,PayPal,10.8,Completed,EUR
374,1035,2025-12-16 20:36:54,Credit Card,5.98,Completed,EUR
375,3228,2026-04-20 16:14:45,PayPal,10.8,Completed,EUR
376,2166,2025-11-29 12:33:24,Credit Card,16.66,Completed,EUR
377,3735,2025-10-17 16:37:40,Credit Card,12.02,Completed,EUR
378,3752,2026-07-28 11:24:44,Credit Card,4.74,Completed,EUR
379,2889,2026-02-22 19:57:50,Credit Card,7.3,Completed,EUR
380,4320,2025-11-27 20:17:35,Debit Card,6.18,Completed,EUR
381,3847,2026-03-22 13:11:10,PayPal,23.25,Completed,EUR
382,2494,2026-07-25 18:48:08,Credit Card,11.82,Completed,EUR
383,218,2026-07-19 14:59:28,Apple Pay,14.82,Completed,EUR
384,1160,2026-04-30 21:04:12,Google Pay,10.2,Completed,EUR
385,986,2026-04-28 23:33:52,PayPal,19.61,Completed,EUR
386,2739,2025-12-23 22:31:26,Google Pay,11.81,Completed,EUR
387,3270,2025-11-30 17:21:51,PayPal,9.55,Refunded,EUR
388,2373,2026-08-10 12:45:25,Credit Card,4.95,Completed,EUR
389,3789,2025-10-31 20:54:13,Credit Card,8.78,Completed,EUR
390,651,2025-10-02 22:24:29,Credit Card,47.22,Completed,EUR
391,2212,2026-04-03 23:08:12,Credit Card,6.57,Completed,EUR
392,4234,2026-02-01 17:00:58,Apple Pay,13.64,Completed,EUR
393,1440,2026-02-17 21:15:53,Debit Card,11.73,Completed,EUR
394,1249,2026-01-23 22:21:45,Credit Card,11.54,Completed,EUR
395,1513,2025-09-03 11:31:06,Debit Card,10.86,Completed,EUR
396,4186,2025-11-13 22:04:17,PayPal,7.02,Completed,EUR
397,3596,2025-10-07 23:56:32,PayPal,14.59,Refunded,EUR
398,561,2026-04-19 21:06:58,Credit Card,8.56,Completed,EUR
399,2248,2025-10-04 10:56:59,Credit Card,13.43,Failed,EUR
400,637,2025-09-12 23:55:49,Credit Card,10.39,Completed,EUR
401,1259,2025-10-15 12:59:54,Credit Card,7.32,Completed,EUR
402,2200,2025-12-17 14:15:30,Credit Card,15.48,Completed,EUR
403,2091,2026-07-20 17:51:49,Apple Pay,9.83,Completed,EUR
404,464,2026-07-24 22:42:47,Apple Pay,10.19,Completed,EUR
405,3155,2026-04-10 20:24:28,Credit Card,11.97,Completed,EUR
406,3357,2026-02-09 19:45:22,Credit Card,54.92,Completed,EUR
407,2100,2026-08-06 12:17:02,Credit Card,20.58,Completed,EUR
408,1281,2025-10-18 14:34:04,Credit Card,17.46,Completed,EUR
409,4457,2026-05-28 16:40:20,PayPal,7.43,Completed,EUR
410,303,2026-04-26 13:03:08,Credit Card,16.36,Completed,EUR
411,252,2026-07-12 15:00:48,Apple Pay,12.62,Completed,EUR
412,796,2026-03-10 14:52:56,Debit Card,14.59,Completed,EUR
413,2289,2026-06-08 12:51:47,Debit Card,7.6,Completed,EUR
414,2320,2026-04-08 22:16:34,PayPal,10.04,Completed,EUR
415,1556,2026-05-21 19:53:48,Google Pay,15.7,Completed,EUR
416,2519,2025-09-25 13:43:51,Debit Card,7.41,Completed,EUR
417,2319,2026-03-04 22:22:25,Credit Card,12.49,Completed,EUR
418,1166,2026-05-25 21:28:31,Credit Card,21.84,Completed,EUR
419,553,2026-07-03 22:41:51,Credit Card,13.38,Completed,EUR
420,3796,2026-02-04 20:40:21,Apple Pay,7.26,Completed,EUR
421,2422,2025-11-06 15:50:34,Debit Card,4.81,Completed,EUR
422,1011,2026-03-25 12:39:31,Credit Card,6.11,Completed,EUR
423,4075,2025-09-03 21:14:37,Google Pay,11.54,Completed,EUR
424,1421,2026-02-15 11:11:15,Credit Card,8.37,Completed,EUR
425,4497,2026-07-17 20:29:10,Credit Card,26.08,Completed,EUR
426,2501,2026-05-10 15:47:53,Credit Card,36.61,Completed,EUR
427,3595,2026-04-14 21:09:28,Debit Card,6.67,Refunded,EUR
428,2340,2025-09-26 21:58:51,PayPal,12.5,Completed,EUR
429,3380,2026-03-19 12:35:46,Debit Card,5.24,Completed,EUR
430,261,2026-07-03 23:43:53,Credit Card,6.85,Completed,EUR
431,3034,2026-06-02 14:38:00,Debit Card,6.85,Completed,EUR
432,2159,2026-02-04 20:06:07,Debit Card,16.4,Completed,EUR
433,3751,2026-01-05 13:04:44,Debit Card,4.78,Completed,EUR
434,47,2026-06-02 15:00:55,PayPal,9.0,Completed,EUR
435,2462,2026-06-24 13:58:30,Credit Card,6.67,Completed,EUR
436,2173,2025-11-29 20:41:56,Google Pay,10.95,Failed,EUR
437,337,2026-06-06 22:17:28,Debit Card,31.21,Completed,EUR
438,2167,2026-05-16 16:28:00,Credit Card,14.96,Completed,EUR
439,2743,2026-03-31 23:06:47,Google Pay,9.59,Completed,EUR
440,2741,2026-02-04 23:37:28,PayPal,16.08,Completed,EUR
441,1493,2026-01-29 12:58:20,Credit Card,18.76,Completed,EUR
442,591,2025-10-23 23:34:20,Credit Card,14.46,Completed,EUR
443,590,2025-12-22 08:48:21,Debit Card,24.69,Completed,EUR
444,1288,2026-08-06 14:45:21,Credit Card,11.67,Completed,EUR
445,4087,2025-10-27 23:37:48,PayPal,5.89,Completed,EUR
446,634,2025-10-18 17:17:00,Credit Card,13.16,Completed,EUR
447,3318,2026-06-23 20:41:11,PayPal,26.95,Failed,EUR
448,64,2026-04-25 13:21:59,Credit Card,7.13,Completed,EUR
449,4145,2026-03-09 21:59:26,Debit Card,15.77,Completed,EUR
450,1218,2026-05-22 23:08:21,PayPal,5.49,Refunded,EUR
451,3862,2026-01-22 16:39:57,Apple Pay,15.93,Completed,EUR
452,2682,2026-08-26 20:17:40,Debit Card,21.8,Failed,EUR
453,4336,2026-01-27 12:06:21,Google Pay,10.69,Completed,EUR
454,23,2025-10-02 11:07:39,Credit Card,7.59,Completed,EUR
455,1270,2026-07-12 08:30:31,Debit Card,13.49,Completed,EUR
456,2406,2026-02-12 14:59:34,PayPal,51.02,Completed,EUR
457,1224,2026-02-17 23:41:07,Debit Card,13.42,Completed,EUR
458,1804,2026-01-31 22:25:42,Apple Pay,9.16,Completed,EUR
459,1359,2025-09-05 13:55:49,Credit Card,6.34,Completed,EUR
460,109,2026-03-14 11:34:39,Debit Card,13.67,Completed,EUR
461,325,2026-05-28 18:02:41,Credit Card,17.19,Completed,EUR
462,358,2026-06-06 22:04:21,Credit Card,13.78,Completed,EUR
463,3370,2026-08-29 23:40:25,PayPal,8.38,Completed,EUR
464,2867,2025-10-23 22:45:09,Apple Pay,8.16,Completed,EUR
465,4341,2026-04-21 22:25:25,PayPal,26.84,Completed,EUR
466,3347,2026-02-06 21:37:03,Credit Card,6.32,Completed,EUR
467,1081,2025-10-15 11:41:26,Apple Pay,5.72,Completed,EUR
468,2156,2026-03-31 13:35:53,Credit Card,7.27,Completed,EUR
469,51,2026-07-29 18:19:46,Debit Card,13.17,Completed,EUR
470,1154,2025-10-04 18:19:27,Credit Card,14.08,Completed,EUR
471,2966,2025-09-19 23:02:10,Credit Card,11.45,Completed,EUR
472,1793,2026-06-27 10:26:20,Debit Card,8.97,Refunded,EUR
473,1510,2025-12-26 12:33:35,Google Pay,13.26,Completed,EUR
474,3490,2025-12-12 23:33:06,Debit Card,26.19,Completed,EUR
475,4294,2026-01-12 22:48:38,PayPal,4.0,Completed,EUR
476,767,2026-05-13 18:07:19,Credit Card,53.65,Completed,EUR
477,1891,2025-12-11 12:33:18,PayPal,7.21,Completed,EUR
478,814,2026-05-13 22:00:23,Credit Card,9.67,Completed,EUR
479,4192,2026-07-08 12:28:51,Credit Card,8.96,Completed,EUR
480,299,2026-08-08 13:46:45,Credit Card,9.25,Completed,EUR
481,43,2025-09-24 14:05:27,Debit Card,7.27,Completed,EUR
482,3696,2026-08-17 13:00:54,Debit Card,11.73,Completed,EUR
483,2723,2025-11-21 22:01:03,Debit Card,5.9,Completed,EUR
484,1594,2026-05-27 19:32:54,Credit Card,6.4,Refunded,EUR
485,2584,2026-05-11 11:43:55,Google Pay,10.32,Completed,EUR
486,2840,2026-05-08 17:02:37,PayPal,18.69,Failed,EUR
487,2271,2026-05-01 23:04:57,Debit Card,8.19,Completed,EUR
488,4469,2025-12-18 22:18:48,Credit Card,7.7,Completed,EUR
489,3565,2025-10-29 21:55:39,Apple Pay,10.99,Completed,EUR
490,908,2025-10-15 19:33:45,Credit Card,9.66,Completed,EUR
491,781,2025-12-20 12:35:30,Credit Card,8.63,Completed,EUR
492,1507,2026-03-12 23:40:30,Apple Pay,8.63,Completed,EUR
493,357,2026-06-06 15:44:57,Apple Pay,4.92,Completed,EUR
494,4353,2026-07-29 21:34:09,Credit Card,45.55,Refunded,EUR
495,341,2025-11-15 20:38:44,PayPal,8.98,Completed,EUR
496,3626,2026-03-03 11:36:42,Apple Pay,18.26,Completed,EUR
497,3426,2026-05-29 22:54:59,Credit Card,19.65,Completed,EUR
498,2759,2025-12-07 18:32:06,PayPal,9.7,Completed,EUR
499,1593,2026-04-10 15:26:18,Debit Card,19.99,Completed,EUR
500,234,2026-03-07 21:30:07,PayPal,8.27,Completed,EUR
501,520,2026-07-10 20:54:02,Google Pay,6.02,Completed,EUR
502,3231,2026-06-28 14:00:15,Debit Card,32.48,Completed,EUR
503,3408,2025-09-17 12:14:36,Credit Card,42.52,Completed,EUR
504,1943,2025-12-26 15:19:04,Credit Card,24.38,Completed,EUR
505,3000,2026-01-19 20:52:11,Debit Card,14.98,Completed,EUR
506,377,2026-02-27 19:03:05,Apple Pay,12.58,Completed,EUR
507,2605,2026-07-24 17:23:40,Credit Card,7.48,Completed,EUR
508,469,2026-05-23 13:01:54,Credit Card,9.99,Completed,EUR
509,4324,2026-06-21 13:00:36,Credit Card,13.01,Completed,EUR
510,1225,2026-06-06 22:17:43,Apple Pay,6.21,Completed,EUR
511,361,2026-07-04 21:03:25,Apple Pay,13.48,Completed,EUR
512,3767,2025-09-30 13:25:31,PayPal,5.95,Completed,EUR
513,4328,2025-10-03 23:26:03,PayPal,42.27,Completed,EUR
514,2358,2025-10-27 21:12:53,Google Pay,10.75,Completed,EUR
515,4389,2025-10-21 19:49:10,Google Pay,7.84,Completed,EUR
516,2098,2026-05-02 18:10:46,Debit Card,8.04,Completed,EUR
517,597,2026-05-05 19:02:38,Debit Card,5.62,Completed,EUR
518,2815,2026-07-23 23:56:51,PayPal,9.77,Completed,EUR
519,3341,2026-01-18 18:59:48,Debit Card,11.66,Completed,EUR
520,2524,2026-04-30 18:07:33,Credit Card,7.0,Completed,EUR
521,2943,2026-07-12 18:55:31,PayPal,7.04,Completed,EUR
522,4258,2026-04-24 21:05:18,Credit Card,12.95,Completed,EUR
523,4358,2026-05-25 18:03:40,PayPal,8.23,Completed,EUR
524,451,2026-05-14 21:00:17,Debit Card,29.52,Completed,EUR
525,913,2026-02-25 20:53:07,Apple Pay,14.94,Completed,EUR
526,3756,2026-06-19 16:01:48,Debit Card,15.89,Completed,EUR
527,2550,2026-01-13 22:55:07,PayPal,6.86,Completed,EUR
528,4447,2026-08-17 21:47:53,Debit Card,15.51,Completed,EUR
529,2032,2025-10-12 20:42:46,Credit Card,17.47,Completed,EUR
530,1789,2026-08-31 20:00:21,Debit Card,11.67,Completed,EUR
531,2231,2025-10-09 18:14:42,Credit Card,37.0,Completed,EUR
532,164,2026-08-14 12:39:50,Credit Card,34.5,Completed,EUR
533,2701,2026-06-19 11:41:10,Credit Card,35.5,Refunded,EUR
534,4475,2025-10-18 21:11:37,Debit Card,14.01,Completed,EUR
535,1131,2025-09-19 19:52:55,Google Pay,29.7,Completed,EUR
536,446,2026-05-22 13:56:16,PayPal,6.32,Completed,EUR
537,3682,2026-08-27 12:54:00,Credit Card,17.14,Completed,EUR
538,2316,2026-07-12 23:16:54,Credit Card,31.37,Completed,EUR
539,435,2026-08-31 14:01:01,Credit Card,15.05,Completed,EUR
540,1332,2025-10-22 22:35:08,Debit Card,19.43,Completed,EUR
541,1236,2026-01-06 23:05:07,Apple Pay,7.65,Completed,EUR
542,1178,2025-12-12 15:22:04,Google Pay,6.5,Completed,EUR
543,3462,2025-11-19 08:08:32,Credit Card,4.8,Completed,EUR
544,3737,2026-05-05 12:03:56,Debit Card,28.54,Completed,EUR
545,3864,2026-07-05 17:39:09,Credit Card,10.88,Completed,EUR
546,1918,2025-10-19 10:01:28,PayPal,16.94,Completed,EUR
547,3531,2026-03-08 15:13:10,PayPal,17.69,Completed,EUR
548,2062,2026-02-10 14:53:37,PayPal,18.07,Completed,EUR
549,3097,2026-05-23 19:37:55,PayPal,24.61,Completed,EUR
550,4368,2025-10-29 11:27:51,PayPal,9.2,Completed,EUR
551,1372,2026-02-07 14:26:48,Credit Card,8.43,Completed,EUR
552,4394,2026-05-06 21:08:42,Credit Card,10.55,Completed,EUR
553,4295,2026-05-19 23:35:27,Apple Pay,13.85,Completed,EUR
554,67,2026-07-23 18:01:26,PayPal,14.44,Completed,EUR
555,3184,2026-05-16 08:07:46,Debit Card,11.07,Completed,EUR
556,2302,2026-06-29 19:17:21,Debit Card,16.71,Completed,EUR
557,3291,2026-07-29 15:20:16,Debit Card,6.11,Completed,EUR
558,3647,2026-04-19 20:33:59,PayPal,10.38,Completed,EUR
559,3544,2026-05-27 21:07:15,PayPal,8.42,Completed,EUR
560,3915,2025-11-25 14:38:53,PayPal,9.2,Completed,EUR
561,736,2026-05-24 13:34:42,Apple Pay,22.65,Refunded,EUR
562,2807,2026-02-16 10:31:53,PayPal,6.89,Completed,EUR
563,545,2026-07-07 21:08:56,Debit Card,29.82,Completed,EUR
564,3974,2026-07-06 21:19:11,Credit Card,5.99,Completed,EUR
565,1747,2026-04-11 16:37:48,Credit Card,15.96,Completed,EUR
566,3096,2026-06-19 13:02:22,Apple Pay,14.91,Completed,EUR
567,2093,2025-11-17 11:38:41,PayPal,17.17,Completed,EUR
568,765,2026-07-20 11:01:25,Apple Pay,10.68,Completed,EUR
569,3046,2026-08-15 22:03:05,Credit Card,5.78,Completed,EUR
570,3841,2026-07-14 12:10:49,Credit Card,14.59,Completed,EUR
571,761,2025-09-04 15:35:17,Apple Pay,5.88,Refunded,EUR
572,548,2025-12-30 11:28:15,PayPal,18.99,Completed,EUR
573,2866,2026-07-12 20:01:45,PayPal,6.0,Completed,EUR
574,2269,2026-08-13 20:22:15,Debit Card,5.34,Completed,EUR
575,79,2026-06-05 14:44:01,Credit Card,5.49,Completed,EUR
576,2360,2026-03-13 11:02:20,Credit Card,10.09,Completed,EUR
577,4428,2026-02-21 21:56:34,Credit Card,7.83,Completed,EUR
578,3716,2026-03-23 13:33:53,Apple Pay,8.17,Completed,EUR
579,2962,2026-03-08 13:39:30,PayPal,16.97,Completed,EUR
580,803,2026-07-03 19:02:02,PayPal,4.75,Completed,EUR
581,4098,2025-11-14 19:13:21,Google Pay,13.98,Refunded,EUR
582,3886,2026-07-19 12:52:52,Debit Card,8.77,Completed,EUR
583,3803,2026-08-28 21:03:18,Credit Card,9.98,Completed,EUR
584,4062,2026-01-07 18:19:32,Google Pay,5.94,Completed,EUR
585,1768,2026-03-14 15:54:38,Google Pay,6.99,Completed,EUR
586,4187,2025-10-07 12:32:57,PayPal,23.85,Completed,EUR
587,724,2026-06-17 13:03:59,Apple Pay,11.08,Completed,EUR
588,911,2026-05-15 12:33:37,Google Pay,24.79,Completed,EUR
589,3118,2025-10-03 23:06:15,Apple Pay,6.64,Completed,EUR
590,490,2026-05-22 12:34:50,PayPal,5.48,Completed,EUR
591,2652,2025-09-11 13:45:39,Debit Card,18.43,Completed,EUR
592,4459,2026-08-29 13:02:53,Google Pay,18.63,Refunded,EUR
593,255,2025-11-19 19:50:18,Credit Card,6.68,Completed,EUR
594,1720,2026-01-07 22:31:03,Credit Card,8.93,Completed,EUR
595,2628,2026-06-15 13:19:11,Debit Card,10.94,Completed,EUR
596,4485,2026-07-28 14:13:31,PayPal,34.95,Completed,EUR
597,3943,2025-09-18 22:27:54,Debit Card,18.39,Refunded,EUR
598,1901,2026-01-20 17:54:25,Credit Card,6.52,Completed,EUR
599,2177,2026-05-24 11:52:18,PayPal,10.9,Completed,EUR
600,332,2026-06-28 13:09:34,PayPal,7.9,Completed,EUR
601,2940,2026-01-07 13:31:41,PayPal,32.03,Completed,EUR
602,476,2026-06-19 12:44:25,Google Pay,29.67,Completed,EUR
603,1387,2026-03-14 19:43:32,Google Pay,15.95,Completed,EUR
604,1572,2025-09-13 23:43:44,PayPal,8.04,Completed,EUR
605,4007,2026-02-12 23:25:45,Credit Card,9.12,Completed,EUR
606,4208,2026-02-13 12:45:02,PayPal,12.44,Completed,EUR
607,182,2026-03-04 13:14:10,Apple Pay,5.42,Completed,EUR
608,2412,2026-04-25 22:58:09,PayPal,6.1,Completed,EUR
609,4335,2026-08-29 15:01:23,PayPal,5.22,Completed,EUR
610,2551,2026-02-21 15:41:34,Credit Card,9.44,Completed,EUR
611,429,2026-07-22 12:17:51,Credit Card,6.27,Completed,EUR
612,2216,2026-03-15 19:06:50,Debit Card,26.47,Completed,EUR
613,1366,2026-07-27 22:02:34,Debit Card,13.57,Completed,EUR
614,10,2025-09-07 23:49:53,PayPal,14.81,Completed,EUR
615,729,2026-08-07 23:03:49,Credit Card,6.48,Completed,EUR
616,1488,2026-06-12 12:46:13,Credit Card,21.77,Completed,EUR
617,1425,2026-01-01 23:10:38,Debit Card,18.43,Completed,EUR
618,3590,2026-02-28 15:05:51,Credit Card,6.64,Completed,EUR
619,2305,2026-04-25 19:01:45,Debit Card,19.61,Completed,EUR
620,1835,2026-03-04 15:29:00,PayPal,7.63,Completed,EUR
621,4130,2025-09-02 22:51:45,Debit Card,27.04,Completed,EUR
622,1301,2025-09-19 21:27:35,Apple Pay,8.29,Completed,EUR
623,3362,2025-12-06 22:13:49,Google Pay,31.44,Completed,EUR
624,1728,2025-12-04 11:08:33,Credit Card,29.21,Completed,EUR
625,4077,2025-11-30 19:21:37,Apple Pay,32.54,Completed,EUR
626,107,2025-10-05 18:13:12,PayPal,5.89,Completed,EUR
627,1653,2026-03-11 09:41:16,Debit Card,14.56,Completed,EUR
628,3081,2026-05-29 16:01:05,PayPal,14.06,Completed,EUR
629,1038,2026-03-26 09:04:35,PayPal,6.62,Completed,EUR
630,1714,2026-02-06 21:53:03,Debit Card,8.51,Completed,EUR
631,425,2026-04-14 00:00:08,Google Pay,5.53,Completed,EUR
632,2783,2025-12-16 21:34:55,Debit Card,5.64,Completed,EUR
633,4232,2025-09-01 23:06:50,Debit Card,5.25,Completed,EUR
634,2643,2026-01-04 19:15:02,PayPal,18.18,Completed,EUR
635,3366,2026-04-10 21:10:30,PayPal,13.24,Completed,EUR
636,4360,2026-08-18 21:02:46,Debit Card,6.99,Completed,EUR
637,77,2026-04-22 23:08:45,Credit Card,8.05,Completed,EUR
638,1745,2026-06-12 21:09:11,PayPal,12.63,Completed,EUR
639,1096,2026-05-07 19:19:13,PayPal,6.29,Refunded,EUR
640,3982,2026-08-04 12:51:27,Credit Card,6.34,Completed,EUR
641,3977,2026-08-04 17:24:12,PayPal,16.3,Completed,EUR
642,3940,2026-06-19 21:34:54,PayPal,7.29,Completed,EUR
643,1784,2026-08-26 22:19:41,Credit Card,6.03,Completed,EUR
644,3292,2026-05-21 23:00:51,Google Pay,16.23,Refunded,EUR
645,1326,2026-03-17 09:36:51,PayPal,12.11,Failed,EUR
646,323,2025-10-27 23:39:26,Google Pay,17.74,Refunded,EUR
647,3187,2025-12-22 20:18:52,Credit Card,10.75,Completed,EUR
648,1865,2026-03-16 21:40:04,Apple Pay,8.78,Refunded,EUR
649,1535,2025-10-24 20:10:59,Credit Card,6.51,Completed,EUR
650,2445,2026-01-17 12:02:38,Debit Card,4.74,Completed,EUR
651,3073,2026-03-07 14:50:22,Credit Card,6.66,Completed,EUR
652,2924,2026-03-12 21:28:36,Debit Card,21.5,Completed,EUR
653,2265,2026-08-30 14:00:03,Debit Card,20.0,Completed,EUR
654,802,2026-03-28 23:58:50,PayPal,12.36,Completed,EUR
655,1151,2025-10-06 23:29:45,Debit Card,7.53,Completed,EUR
656,2917,2025-10-06 23:05:24,Apple Pay,7.79,Completed,EUR
657,3397,2026-04-22 21:15:53,Credit Card,7.05,Completed,EUR
658,2503,2025-10-24 20:18:37,Apple Pay,5.39,Completed,EUR
659,4070,2025-11-24 13:19:21,Credit Card,11.38,Completed,EUR
660,346,2025-11-10 13:45:45,PayPal,7.24,Refunded,EUR
661,1083,2026-04-24 14:00:32,PayPal,9.93,Refunded,EUR
662,697,2025-09-28 20:20:58,PayPal,13.16,Completed,EUR
663,3361,2025-09-23 12:42:02,Debit Card,28.71,Failed,EUR
664,723,2026-06-11 22:59:48,Credit Card,5.87,Completed,EUR
665,768,2026-05-05 13:45:54,PayPal,7.31,Completed,EUR
666,3654,2026-01-03 19:39:55,Debit Card,6.11,Completed,EUR
667,81,2026-06-28 23:00:57,Credit Card,6.82,Completed,EUR
668,1995,2026-03-25 14:13:13,PayPal,7.92,Completed,EUR
669,3489,2026-01-27 20:34:25,Credit Card,6.35,Completed,EUR
670,1016,2025-09-04 19:53:30,Credit Card,16.87,Completed,EUR
671,1536,2026-08-01 18:14:05,PayPal,5.48,Failed,EUR
672,384,2026-04-27 19:54:29,Credit Card,19.48,Completed,EUR
673,883,2026-06-07 22:02:22,Credit Card,19.28,Completed,EUR
674,725,2026-03-08 18:30:06,PayPal,13.47,Completed,EUR
675,3772,2026-05-28 20:02:43,Credit Card,9.22,Completed,EUR
676,2031,2025-09-24 12:30:19,Google Pay,18.96,Completed,EUR
677,2529,2026-04-07 21:56:24,PayPal,5.48,Completed,EUR
678,799,2026-01-24 14:23:50,Debit Card,8.26,Completed,EUR
679,1376,2026-08-31 22:51:38,PayPal,6.89,Completed,EUR
680,2870,2026-08-14 15:32:16,PayPal,4.48,Completed,EUR
681,3768,2026-08-10 12:58:00,Credit Card,9.0,Completed,EUR
682,2337,2025-10-22 20:07:13,PayPal,5.75,Completed,EUR
683,2205,2026-03-27 17:51:34,PayPal,32.22,Completed,EUR
684,3745,2026-01-23 19:27:16,PayPal,13.06,Completed,EUR
685,3516,2026-02-16 16:34:30,Google Pay,5.63,Failed,EUR
686,163,2026-06-08 12:24:29,Credit Card,24.7,Completed,EUR
687,3738,2026-07-20 20:17:06,Google Pay,22.12,Completed,EUR
688,338,2025-11-12 21:27:45,Apple Pay,28.23,Completed,EUR
689,1065,2026-05-31 21:59:40,Credit Card,7.92,Completed,EUR
690,75,2025-09-06 12:09:50,Credit Card,5.66,Completed,EUR
691,2383,2026-07-20 22:12:58,Apple Pay,5.94,Completed,EUR
692,1052,2025-09-16 21:08:09,Debit Card,12.85,Completed,EUR
693,2901,2025-09-30 23:21:20,Apple Pay,6.45,Completed,EUR
694,3201,2025-11-04 14:37:40,Apple Pay,6.75,Completed,EUR
695,2776,2026-04-12 13:17:44,PayPal,10.01,Completed,EUR
696,4147,2026-01-20 13:53:02,Debit Card,16.81,Completed,EUR
697,1687,2025-12-29 14:06:40,Google Pay,7.4,Completed,EUR
698,3401,2025-11-23 20:47:13,Credit Card,22.32,Completed,EUR
699,2875,2026-08-10 11:00:10,Credit Card,11.92,Completed,EUR
700,1310,2026-07-10 18:45:28,Credit Card,66.53,Completed,EUR
701,3819,2026-03-18 23:55:06,Debit Card,11.07,Completed,EUR
702,329,2026-04-20 21:02:32,PayPal,8.48,Completed,EUR
703,2877,2025-11-19 21:34:16,Debit Card,14.43,Completed,EUR
704,3897,2026-04-18 13:34:46,Credit Card,7.26,Completed,EUR
705,269,2026-08-02 21:14:42,Debit Card,16.74,Completed,EUR
706,1798,2026-02-04 22:08:02,Apple Pay,11.53,Refunded,EUR
707,1403,2025-11-29 21:20:30,Credit Card,15.15,Completed,EUR
708,3522,2026-03-06 15:12:32,PayPal,7.27,Completed,EUR
709,3747,2026-04-20 17:05:35,Debit Card,27.57,Completed,EUR
710,320,2026-01-27 14:20:49,Debit Card,7.91,Completed,EUR
711,1197,2026-01-25 10:17:39,Google Pay,7.45,Completed,EUR
712,4257,2025-12-13 14:29:42,PayPal,15.63,Completed,EUR
713,1678,2025-11-02 18:22:41,Debit Card,9.04,Completed,EUR
714,1398,2026-05-18 22:07:58,Credit Card,6.98,Completed,EUR
715,40,2025-11-07 17:44:58,Apple Pay,11.54,Completed,EUR
716,2843,2025-09-16 19:24:44,Credit Card,10.05,Completed,EUR
717,1198,2025-11-01 13:23:47,Apple Pay,6.16,Completed,EUR
718,2402,2026-04-09 12:29:53,Debit Card,33.45,Completed,EUR
719,444,2025-10-21 19:04:23,Credit Card,10.22,Completed,EUR
720,2610,2026-08-13 14:16:31,PayPal,21.43,Completed,EUR
721,684,2025-12-12 11:36:46,PayPal,32.62,Completed,EUR
722,2232,2026-03-17 23:12:54,Debit Card,16.71,Completed,EUR
723,709,2025-11-21 15:01:58,Debit Card,4.86,Completed,EUR
724,2353,2026-05-12 20:49:07,PayPal,30.46,Completed,EUR
725,4407,2025-12-17 18:24:40,Credit Card,12.99,Completed,EUR
726,1033,2026-07-05 11:35:17,Debit Card,7.21,Completed,EUR
727,433,2026-04-04 19:20:54,Credit Card,7.48,Completed,EUR
728,3887,2026-06-23 13:01:09,Credit Card,7.72,Completed,EUR
729,369,2026-08-21 20:32:41,Debit Card,11.38,Failed,EUR
730,792,2026-05-03 23:07:33,Credit Card,17.05,Completed,EUR
731,1692,2026-07-13 11:50:35,Credit Card,6.67,Completed,EUR
732,2669,2026-07-09 11:32:03,Debit Card,8.95,Completed,EUR
733,2767,2026-05-20 18:02:01,PayPal,23.19,Completed,EUR
734,1726,2026-06-19 22:08:36,Debit Card,6.43,Completed,EUR
735,3631,2026-02-19 23:08:42,Debit Card,7.42,Completed,EUR
736,4049,2025-12-05 12:29:34,Debit Card,7.85,Completed,EUR
737,4163,2025-10-10 15:47:02,Credit Card,4.72,Completed,EUR
738,2719,2026-06-09 23:19:41,PayPal,9.45,Completed,EUR
739,4129,2025-11-26 22:24:49,Credit Card,22.15,Completed,EUR
740,2332,2026-08-23 22:43:06,Apple Pay,4.25,Completed,EUR
741,2317,2026-04-03 14:45:40,Credit Card,5.02,Completed,EUR
742,1813,2025-09-26 08:15:58,Credit Card,10.05,Completed,EUR
743,4042,2026-03-29 14:01:49,PayPal,6.82,Completed,EUR
744,465,2026-08-22 23:53:48,Apple Pay,6.67,Completed,EUR
745,2712,2026-03-16 21:36:56,PayPal,33.96,Completed,EUR
746,2191,2026-06-03 22:32:44,PayPal,8.03,Completed,EUR
747,3782,2026-02-24 20:18:30,Apple Pay,18.76,Completed,EUR
748,2386,2026-07-16 14:02:00,Credit Card,8.48,Completed,EUR
749,80,2026-04-11 21:28:35,PayPal,5.9,Completed,EUR
750,4315,2025-12-10 08:00:26,Credit Card,14.06,Completed,EUR
751,3519,2026-07-11 21:08:59,Debit Card,25.98,Completed,EUR
752,3175,2025-11-27 13:07:02,Credit Card,9.53,Completed,EUR
753,2125,2026-01-19 21:02:16,Debit Card,16.27,Completed,EUR
754,1368,2026-08-19 15:01:31,Debit Card,18.81,Completed,EUR
755,2789,2025-10-03 12:47:50,Debit Card,11.73,Completed,EUR
756,183,2026-08-22 14:49:21,Debit Card,4.38,Completed,EUR
757,3530,2025-09-12 13:27:02,Credit Card,18.65,Completed,EUR
758,3558,2026-07-05 19:06:28,Debit Card,6.25,Completed,EUR
759,1494,2026-05-24 17:05:38,Credit Card,10.8,Completed,EUR
760,1194,2026-04-04 14:00:55,Credit Card,8.28,Completed,EUR
761,334,2026-07-01 23:01:08,Apple Pay,18.72,Completed,EUR
762,1292,2025-09-11 22:11:09,Credit Card,6.74,Completed,EUR
763,3925,2025-10-09 21:01:49,Debit Card,8.68,Completed,EUR
764,4224,2026-08-29 21:04:27,Credit Card,21.53,Completed,EUR
765,975,2026-04-15 16:48:03,PayPal,27.77,Completed,EUR
766,3181,2026-05-01 22:30:43,Credit Card,6.82,Completed,EUR
767,2536,2026-02-05 13:39:35,Credit Card,13.05,Completed,EUR
768,882,2026-05-29 22:00:47,Credit Card,3.07,Completed,EUR
769,2127,2026-01-30 23:09:01,Credit Card,9.1,Completed,EUR
770,3424,2025-09-18 12:44:15,PayPal,12.76,Completed,EUR
771,367,2025-11-18 19:51:58,Debit Card,42.68,Completed,EUR
772,4279,2026-02-14 12:48:57,Debit Card,6.7,Refunded,EUR
773,2595,2026-08-31 19:02:15,Google Pay,10.43,Completed,EUR
774,4176,2026-08-02 14:07:42,Debit Card,7.58,Refunded,EUR
775,3416,2026-08-30 14:54:02,Google Pay,4.1,Completed,EUR
776,3337,2025-11-03 10:34:15,PayPal,12.16,Completed,EUR
777,3399,2026-08-01 12:09:09,Credit Card,5.33,Completed,EUR
778,3850,2025-12-04 22:27:38,Credit Card,5.61,Completed,EUR
779,4347,2026-01-17 15:47:44,PayPal,12.02,Completed,EUR
780,762,2026-01-02 13:39:21,Apple Pay,12.19,Completed,EUR
781,837,2026-05-01 23:28:42,Credit Card,12.4,Completed,EUR
782,3064,2025-09-11 15:59:59,Google Pay,8.0,Completed,EUR
783,1417,2025-12-03 22:45:35,Credit Card,13.37,Completed,EUR
784,3419,2026-08-31 16:02:56,PayPal,7.72,Completed,EUR
785,2645,2026-05-29 12:08:36,Credit Card,6.06,Completed,EUR
786,3730,2025-10-10 15:22:58,Credit Card,8.86,Completed,EUR
787,1341,2026-07-07 22:25:33,Credit Card,19.05,Completed,EUR
788,313,2026-01-18 23:57:24,Apple Pay,7.69,Completed,EUR
789,700,2026-01-30 12:03:28,Google Pay,5.28,Completed,EUR
790,2161,2025-10-27 18:31:19,Debit Card,31.76,Refunded,EUR
791,1969,2026-06-02 12:00:14,PayPal,29.43,Completed,EUR
792,4113,2025-09-03 13:10:59,PayPal,10.5,Completed,EUR
793,3517,2025-09-26 20:56:27,Credit Card,47.42,Completed,EUR
794,259,2026-04-23 20:34:22,Credit Card,10.5,Completed,EUR
795,1565,2026-07-24 20:46:54,PayPal,9.31,Completed,EUR
796,3358,2026-05-02 12:17:31,Credit Card,35.92,Completed,EUR
797,2085,2026-02-03 12:04:53,Credit Card,56.44,Completed,EUR
798,1508,2026-06-24 19:00:16,Credit Card,7.26,Completed,EUR
799,443,2026-07-11 20:20:36,PayPal,6.49,Completed,EUR
800,892,2026-04-11 22:12:13,Google Pay,25.7,Completed,EUR
