review_id,order_id,customer_id,rating,review_datetime,delivery_rating,food_rating,review_sentiment
1,2300,958,4,12-08-2026 22:19,4,4,Positive
2,2286,915,4,08-08-2026 13:08,4,4,Positive
3,4242,1084,4,12-10-2025 21:06,5,4,Positive
4,2792,170,4,20-09-2025 12:12,5,4,Positive
5,1800,473,5,19-10-2025 20:50,5,5,Positive
6,2880,59,4,30-05-2026 12:30,5,4,Positive
7,433,617,4,06-04-2026 19:19,4,4,Positive
8,4115,33,5,27-10-2025 14:19,4,5,Positive
9,1357,1319,5,22-07-2026 13:04,4,5,Positive
10,972,112,4,11-05-2026 23:18,5,4,Positive
11,2059,1282,4,17-06-2026 20:02,4,4,Positive
12,2421,1386,4,19-01-2026 12:44,5,3,Positive
13,2920,636,5,21-05-2026 22:40,4,5,Positive
14,3085,107,4,29-07-2026 15:08,5,4,Positive
15,1530,318,4,11-03-2026 11:59,4,4,Positive
16,2845,593,4,10-04-2026 12:00,5,4,Positive
17,1061,1254,5,20-10-2025 12:57,4,5,Positive
18,3466,675,4,21-05-2026 21:29,4,4,Positive
19,2219,1458,3,07-10-2025 14:41,2,4,Neutral
20,814,433,4,14-05-2026 22:00,4,4,Positive
21,994,411,5,23-01-2026 12:30,5,5,Positive
22,3880,947,4,23-01-2026 19:43,4,4,Positive
23,4386,1163,4,07-03-2026 22:19,5,4,Positive
24,3852,1043,3,13-10-2025 13:45,4,3,Neutral
25,2632,1186,4,11-08-2026 20:15,3,5,Positive
26,111,756,3,29-06-2026 22:24,4,3,Neutral
27,179,304,4,01-04-2026 15:54,5,4,Positive
28,2243,1242,3,25-02-2026 19:54,4,3,Neutral
29,2214,951,4,22-01-2026 13:38,5,4,Positive
30,4124,1131,4,08-06-2026 13:42,5,3,Positive
31,1496,1214,4,28-09-2025 23:30,5,3,Positive
32,1571,1274,4,04-08-2026 20:00,4,4,Positive
33,1759,570,4,11-05-2026 13:45,5,4,Positive
34,2419,970,4,19-09-2025 23:40,5,3,Positive
35,2040,1485,3,19-07-2026 20:38,4,3,Neutral
36,3611,1497,5,23-08-2026 18:10,4,5,Positive
37,1799,691,4,30-06-2026 21:18,4,4,Positive
38,4280,483,4,09-06-2026 21:20,5,4,Positive
39,1167,355,4,06-10-2025 11:31,5,3,Positive
40,2405,742,5,03-11-2025 16:17,4,5,Positive
41,1952,121,5,05-02-2026 11:01,5,5,Positive
42,628,749,4,05-02-2026 22:57,4,4,Positive
43,4417,930,5,13-07-2026 11:00,5,5,Positive
44,3198,837,5,28-04-2026 10:28,4,5,Positive
45,2101,427,4,29-05-2026 13:54,4,4,Positive
46,768,599,4,06-05-2026 13:43,5,4,Positive
47,3964,794,5,09-06-2026 23:01,5,5,Positive
48,1633,1453,5,03-08-2026 14:08,5,5,Positive
49,1431,110,5,28-12-2025 22:54,4,5,Positive
50,75,1487,4,08-09-2025 12:08,5,4,Positive
51,4040,1023,4,18-07-2026 11:08,5,4,Positive
52,2050,497,4,21-05-2026 15:40,4,4,Positive
53,3015,268,4,10-04-2026 14:21,4,4,Positive
54,1797,131,4,30-12-2025 21:26,4,4,Positive
55,4402,1374,4,29-09-2025 20:57,4,4,Positive
56,823,174,4,01-09-2026 18:00,5,4,Positive
57,3927,937,5,02-10-2025 19:47,4,5,Positive
58,2823,1293,4,13-05-2026 13:23,5,4,Positive
59,3674,653,4,14-07-2026 20:26,4,4,Positive
60,1994,1211,4,31-08-2026 22:12,5,4,Positive
61,600,1181,4,09-12-2025 20:54,5,4,Positive
62,2343,437,4,26-07-2026 20:44,4,4,Positive
63,3386,35,3,09-05-2026 14:40,4,3,Neutral
64,1892,120,5,26-06-2026 17:46,5,5,Positive
65,3646,100,5,05-11-2025 14:45,5,5,Positive
66,3868,639,4,02-06-2026 18:04,4,4,Positive
67,3668,918,3,13-05-2026 12:24,4,3,Neutral
68,2043,960,4,15-08-2026 11:54,5,3,Positive
69,1693,1389,3,25-07-2026 19:00,4,3,Neutral
70,2166,102,5,01-12-2025 12:32,4,5,Positive
71,1592,422,4,12-04-2026 21:21,4,4,Positive
72,932,335,4,20-12-2025 12:08,3,5,Positive
73,1455,61,5,06-03-2026 19:11,4,5,Positive
74,2227,8,3,05-08-2026 13:03,1,4,Neutral
75,2650,1308,4,11-09-2025 14:28,4,4,Positive
76,4433,1139,4,23-11-2025 18:53,3,5,Positive
77,3079,1485,4,14-10-2025 23:23,4,4,Positive
78,1648,575,4,24-05-2026 19:47,4,4,Positive
79,641,281,4,18-04-2026 23:15,4,4,Positive
80,1478,678,5,06-05-2026 22:09,4,5,Positive
81,4250,1120,4,17-05-2026 22:20,4,4,Positive
82,890,726,4,15-05-2026 18:34,4,4,Positive
83,2374,413,4,07-09-2025 12:21,5,4,Positive
84,3191,1278,4,15-10-2025 19:08,4,4,Positive
85,819,990,4,08-12-2025 12:38,4,4,Positive
86,542,51,4,13-02-2026 12:35,4,4,Positive
87,1483,412,4,31-12-2025 20:22,4,4,Positive
88,4425,680,4,21-05-2026 22:16,5,4,Positive
89,1891,127,4,13-12-2025 12:33,3,4,Positive
90,1526,809,4,15-11-2025 10:42,5,4,Positive
91,1676,718,3,23-11-2025 22:02,1,4,Neutral
92,4482,3,5,14-09-2025 20:36,4,5,Positive
93,406,1215,4,06-09-2025 13:42,5,4,Positive
94,76,1413,3,15-11-2025 21:39,4,3,Neutral
95,2480,899,4,22-06-2026 13:05,5,4,Positive
96,3116,1142,4,13-09-2025 21:24,5,4,Positive
97,514,489,4,05-11-2025 13:36,5,4,Positive
98,440,1303,5,03-03-2026 17:03,5,5,Positive
99,2734,352,4,28-06-2026 17:36,5,4,Positive
100,3972,215,4,25-01-2026 10:37,4,4,Positive
101,1510,1404,4,28-12-2025 12:31,5,4,Positive
102,1893,1303,4,23-02-2026 12:50,4,4,Positive
103,317,116,5,16-08-2026 18:58,5,5,Positive
104,3949,1159,4,13-03-2026 23:33,5,4,Positive
105,475,61,4,22-01-2026 14:54,5,4,Positive
106,1646,479,4,26-02-2026 21:45,4,4,Positive
107,778,1402,4,28-07-2026 21:24,5,4,Positive
108,1706,922,5,05-01-2026 21:55,5,5,Positive
109,4214,537,4,26-11-2025 13:12,4,4,Positive
110,3054,1204,4,01-06-2026 18:55,4,4,Positive
111,1119,699,5,31-05-2026 11:00,4,5,Positive
112,4105,891,4,15-08-2026 15:17,5,3,Positive
113,2553,471,3,07-01-2026 12:19,4,3,Neutral
114,2596,1387,3,12-03-2026 16:12,4,3,Neutral
115,1615,1139,4,18-10-2025 12:10,5,4,Positive
116,912,1105,5,04-06-2026 12:57,5,5,Positive
117,3631,107,4,21-02-2026 23:07,4,4,Positive
118,4015,1388,5,24-02-2026 13:10,5,5,Positive
119,910,1024,3,08-10-2025 13:19,4,3,Neutral
120,168,800,4,05-09-2025 22:52,4,4,Positive
121,2482,56,5,19-09-2025 12:10,4,5,Positive
122,4219,300,4,11-06-2026 22:41,5,4,Positive
123,1537,57,4,29-07-2026 19:00,4,4,Positive
124,2824,710,3,21-06-2026 22:49,4,3,Neutral
125,675,1381,4,21-02-2026 12:21,4,4,Positive
126,3637,535,4,03-03-2026 15:55,4,4,Positive
127,2585,1467,4,23-01-2026 08:13,4,4,Positive
128,2543,1448,4,02-06-2026 18:50,5,4,Positive
129,2211,1174,5,11-12-2025 19:53,4,5,Positive
130,3121,719,4,26-06-2026 20:44,5,3,Positive
131,1187,15,4,15-11-2025 13:24,5,4,Positive
132,3942,104,5,09-01-2026 13:22,4,5,Positive
133,3022,418,5,15-02-2026 13:10,5,5,Positive
134,4313,680,3,17-12-2025 11:09,4,3,Neutral
135,2729,46,3,30-05-2026 19:25,4,3,Neutral
136,4241,916,3,24-09-2025 20:10,4,3,Neutral
137,791,189,4,03-12-2025 15:54,5,4,Positive
138,596,1239,5,17-05-2026 23:47,5,5,Positive
139,849,206,4,26-05-2026 13:38,4,4,Positive
140,3783,892,4,09-10-2025 21:53,5,4,Positive
141,2722,477,5,24-05-2026 14:15,4,5,Positive
142,4477,635,5,28-11-2025 20:52,5,5,Positive
143,771,15,4,18-06-2026 14:15,4,4,Positive
144,2536,997,4,06-02-2026 13:37,4,4,Positive
145,531,163,5,07-04-2026 12:32,4,5,Positive
146,3956,1367,4,03-11-2025 19:27,5,4,Positive
147,3825,1384,5,21-11-2025 20:40,4,5,Positive
148,3587,1201,3,30-01-2026 14:07,4,3,Neutral
149,1087,505,5,04-04-2026 19:00,5,5,Positive
150,2031,27,4,26-09-2025 12:29,5,4,Positive
151,3911,679,5,19-03-2026 11:26,5,5,Positive
152,2864,878,4,15-08-2026 19:35,4,4,Positive
153,416,27,4,21-10-2025 16:01,5,3,Positive
154,3647,1003,4,21-04-2026 20:32,4,4,Positive
155,1736,128,4,17-05-2026 11:29,4,4,Positive
156,489,1203,4,31-03-2026 20:52,3,5,Positive
157,2048,623,4,15-04-2026 21:00,5,3,Positive
158,244,740,3,13-02-2026 11:47,2,4,Neutral
159,316,228,4,31-07-2026 23:41,4,4,Positive
160,1758,538,4,11-04-2026 10:57,5,4,Positive
161,3699,1090,4,30-10-2025 14:32,5,4,Positive
162,291,1399,3,14-11-2025 13:03,2,3,Neutral
163,1910,1000,5,02-06-2026 13:15,5,5,Positive
164,2581,1085,4,06-09-2025 10:02,5,4,Positive
165,3969,1367,4,26-03-2026 12:17,5,4,Positive
166,2599,1296,4,09-04-2026 12:59,5,3,Positive
167,2376,1141,4,09-12-2025 14:44,5,4,Positive
168,2058,1190,5,05-07-2026 19:38,4,5,Positive
169,2465,184,4,12-03-2026 14:07,5,3,Positive
170,2634,1410,5,01-05-2026 22:31,4,5,Positive
171,4360,277,4,19-08-2026 21:00,4,4,Positive
172,2135,1473,4,22-12-2025 20:26,4,4,Positive
173,797,195,5,13-10-2025 21:33,4,5,Positive
174,1864,1310,3,24-01-2026 21:13,4,3,Neutral
175,2931,539,5,14-03-2026 20:39,5,5,Positive
176,1375,68,4,15-05-2026 15:00,5,4,Positive
177,3545,74,4,17-11-2025 13:01,4,4,Positive
178,4043,289,3,03-10-2025 12:12,3,3,Neutral
179,2698,176,5,18-03-2026 12:03,4,5,Positive
180,4240,933,4,16-01-2026 20:46,4,4,Positive
181,474,601,5,21-09-2025 20:05,4,5,Positive
182,1744,277,3,02-09-2026 12:00,4,3,Neutral
183,389,840,4,25-12-2025 17:31,5,4,Positive
184,2633,1150,4,24-08-2026 23:00,5,4,Positive
185,3247,49,4,01-05-2026 19:00,5,3,Positive
186,625,821,4,29-11-2025 19:20,5,4,Positive
187,174,958,4,26-10-2025 14:35,4,4,Positive
188,4355,857,4,07-04-2026 14:29,5,4,Positive
189,3870,1483,5,01-02-2026 11:47,4,5,Positive
190,870,771,5,16-04-2026 21:30,5,5,Positive
191,249,819,5,27-08-2026 17:56,5,5,Positive
192,1400,558,5,05-01-2026 20:01,4,5,Positive
193,1000,1102,4,04-03-2026 16:31,5,4,Positive
194,2067,230,4,16-10-2025 21:17,4,4,Positive
195,695,1075,4,21-08-2026 10:00,5,4,Positive
196,4470,1275,5,08-06-2026 21:48,5,5,Positive
197,496,219,4,30-05-2026 12:15,5,4,Positive
198,3281,1039,4,22-06-2026 23:02,5,4,Positive
199,1417,1161,4,05-12-2025 22:43,4,4,Positive
200,4018,914,4,21-12-2025 21:25,4,4,Positive
201,243,1371,5,25-07-2026 12:48,4,5,Positive
202,3709,433,4,09-08-2026 19:59,4,4,Positive
203,1133,851,4,07-12-2025 20:50,5,4,Positive
204,3917,602,4,24-08-2026 13:54,2,5,Positive
205,277,135,3,22-11-2025 13:38,4,3,Neutral
206,598,659,4,19-07-2026 21:19,5,4,Positive
207,3314,405,2,02-02-2026 18:39,1,3,Negative
208,2248,63,4,06-10-2025 10:56,5,3,Positive
209,4012,894,4,03-07-2026 13:48,3,5,Positive
210,1859,812,5,15-06-2026 22:28,5,5,Positive
211,4274,1315,5,14-09-2025 16:41,5,5,Positive
212,1214,572,4,12-02-2026 19:50,4,4,Positive
213,1463,132,4,01-02-2026 14:28,5,4,Positive
214,2296,37,3,11-08-2026 11:29,1,5,Neutral
215,1086,1427,4,26-02-2026 11:41,4,4,Positive
216,1470,918,5,06-09-2025 13:56,4,5,Positive
217,1311,1262,5,11-09-2025 23:49,5,5,Positive
218,4368,1099,4,31-10-2025 11:27,3,5,Positive
219,3430,150,5,31-12-2025 22:15,5,5,Positive
220,549,755,3,08-05-2026 21:02,4,3,Neutral
221,2525,1307,3,11-12-2025 20:18,5,2,Neutral
222,943,1435,4,25-01-2026 18:18,4,4,Positive
223,2105,1212,4,20-03-2026 23:16,5,4,Positive
224,4329,189,4,18-04-2026 19:49,5,4,Positive
225,3374,536,4,21-01-2026 17:00,3,4,Positive
226,2921,116,4,12-08-2026 13:00,5,4,Positive
227,3431,1312,4,05-09-2025 13:40,4,4,Positive
228,4275,469,4,12-04-2026 21:39,4,4,Positive
229,2657,1172,4,16-08-2026 20:11,5,4,Positive
230,3302,930,5,21-08-2026 12:32,4,5,Positive
231,2168,995,5,12-08-2026 19:00,4,5,Positive
232,3569,591,4,27-07-2026 21:00,4,4,Positive
233,2953,11,4,28-12-2025 23:30,4,4,Positive
234,2007,791,4,17-12-2025 12:57,4,4,Positive
235,4281,1111,4,18-09-2025 15:35,4,4,Positive
236,1388,1194,5,08-06-2026 10:15,5,5,Positive
237,4160,646,5,27-06-2026 17:28,4,5,Positive
238,920,167,3,18-04-2026 12:38,4,3,Neutral
239,3644,1356,4,14-05-2026 11:28,5,4,Positive
240,2607,1409,4,20-07-2026 18:02,5,4,Positive
241,1105,851,4,21-04-2026 23:48,4,4,Positive
242,2115,1033,3,10-02-2026 19:13,4,3,Neutral
243,2020,703,3,14-01-2026 14:33,4,3,Neutral
244,3811,1262,4,21-12-2025 14:01,5,3,Positive
245,3295,47,3,12-08-2026 22:57,4,3,Neutral
246,2366,1033,4,21-03-2026 13:50,5,4,Positive
247,3779,1334,4,31-05-2026 10:55,5,4,Positive
248,3208,199,4,28-07-2026 15:00,5,3,Positive
249,4419,177,4,23-01-2026 14:58,4,4,Positive
250,973,139,4,13-05-2026 18:10,4,4,Positive
251,1623,1138,5,04-08-2026 20:08,4,5,Positive
252,2812,263,3,14-06-2026 13:04,2,4,Neutral
253,4104,891,5,15-08-2026 13:00,5,5,Positive
254,3155,843,4,12-04-2026 20:22,5,4,Positive
255,2555,232,4,11-06-2026 23:24,5,4,Positive
256,1336,246,4,08-01-2026 15:37,5,4,Positive
257,3174,185,4,28-08-2026 14:59,5,3,Positive
258,3878,91,4,05-06-2026 12:01,5,4,Positive
259,2021,205,4,13-07-2026 12:20,5,4,Positive
260,544,867,3,28-08-2026 12:00,4,3,Neutral
261,3649,1319,4,27-07-2026 19:00,5,4,Positive
262,2519,144,4,26-09-2025 13:43,5,4,Positive
263,1954,1067,4,07-05-2026 21:28,5,4,Positive
264,1408,1032,4,28-11-2025 12:42,5,4,Positive
265,3710,656,4,21-11-2025 15:06,5,4,Positive
266,423,200,4,12-07-2026 12:37,4,4,Positive
267,2564,286,4,29-03-2026 20:20,5,4,Positive
268,1703,1396,4,04-10-2025 14:34,5,4,Positive
269,382,1370,3,26-06-2026 12:34,4,3,Neutral
270,3423,1470,4,30-05-2026 23:01,4,4,Positive
271,1771,1057,3,19-08-2026 12:55,4,2,Neutral
272,1224,285,5,19-02-2026 23:41,4,5,Positive
273,3483,1138,4,19-07-2026 22:03,4,4,Positive
274,774,1296,5,02-02-2026 12:27,5,5,Positive
275,4230,840,4,11-10-2025 11:10,5,4,Positive
276,1112,431,4,10-04-2026 22:45,4,4,Positive
277,2146,523,5,15-06-2026 16:11,4,5,Positive
278,1415,809,5,02-11-2025 12:22,4,5,Positive
279,2817,937,4,15-03-2026 18:22,5,3,Positive
280,4114,264,4,17-07-2026 22:41,4,4,Positive
281,1373,1114,4,30-06-2026 14:51,5,4,Positive
282,1190,538,3,22-06-2026 22:15,4,3,Neutral
283,2466,423,4,20-03-2026 13:12,4,4,Positive
284,1051,1472,5,02-08-2026 19:12,4,5,Positive
285,120,105,4,11-05-2026 10:26,4,4,Positive
286,3564,245,3,26-05-2026 13:00,1,5,Neutral
287,3330,44,4,21-10-2025 21:07,5,4,Positive
288,3297,625,4,06-10-2025 19:58,5,3,Positive
289,4017,754,4,27-06-2026 22:29,5,3,Positive
290,2622,777,4,12-04-2026 18:14,4,4,Positive
291,2750,856,4,15-03-2026 21:00,3,4,Positive
292,3625,1273,5,29-08-2026 22:00,4,5,Positive
293,3047,1267,4,14-02-2026 20:17,5,3,Positive
294,584,1247,5,28-07-2026 14:00,4,5,Positive
295,1850,846,5,03-03-2026 23:24,4,5,Positive
296,2049,1250,4,02-08-2026 23:11,5,4,Positive
297,2959,222,4,10-05-2026 14:46,4,4,Positive
298,3200,393,4,22-06-2026 20:36,4,4,Positive
299,2544,872,4,06-12-2025 15:58,5,4,Positive
300,302,369,3,07-06-2026 12:37,4,3,Neutral
301,677,1196,4,01-02-2026 14:29,4,4,Positive
302,208,878,4,03-04-2026 19:08,5,3,Positive
303,4125,247,3,22-06-2026 14:40,3,3,Neutral
304,565,1113,5,19-05-2026 14:43,4,5,Positive
305,1906,24,4,17-01-2026 21:49,5,4,Positive
306,577,609,4,13-05-2026 21:56,5,4,Positive
307,1907,686,4,21-05-2026 14:00,5,4,Positive
308,104,5,4,18-07-2026 12:57,3,5,Positive
309,2443,210,4,03-09-2025 13:49,5,3,Positive
310,2801,710,4,11-05-2026 11:18,5,4,Positive
311,3338,1412,4,20-07-2026 12:19,4,4,Positive
312,22,1143,4,12-10-2025 21:37,4,4,Positive
313,4243,110,4,12-05-2026 13:49,4,4,Positive
314,1485,1069,4,21-02-2026 21:40,4,4,Positive
315,41,463,4,21-07-2026 23:50,5,4,Positive
316,3061,1177,4,24-08-2026 11:17,5,4,Positive
317,3648,142,4,04-08-2026 13:31,5,4,Positive
318,2110,405,5,15-02-2026 13:52,4,5,Positive
319,3603,1374,3,25-07-2026 17:34,4,3,Neutral
320,123,362,4,04-12-2025 23:11,5,4,Positive
321,886,935,5,12-06-2026 23:00,5,5,Positive
322,2091,480,4,22-07-2026 17:51,5,4,Positive
323,2100,1335,4,07-08-2026 12:16,5,4,Positive
324,3128,1350,4,15-01-2026 12:42,5,3,Positive
325,2119,1291,4,29-10-2025 12:37,5,4,Positive
326,4401,937,4,26-08-2026 15:02,5,4,Positive
327,1548,186,3,17-06-2026 21:35,4,3,Neutral
328,240,1074,4,05-07-2026 22:29,4,4,Positive
329,3487,1243,4,04-04-2026 23:42,3,5,Positive
330,2304,1292,4,15-07-2026 22:28,5,3,Positive
331,1621,534,4,15-01-2026 12:03,5,4,Positive
332,3376,438,5,22-03-2026 11:12,4,5,Positive
333,171,329,4,18-06-2026 22:39,5,4,Positive
334,362,344,4,18-01-2026 20:23,5,3,Positive
335,1186,196,4,01-06-2026 21:52,4,4,Positive
336,2474,200,4,11-11-2025 17:57,4,4,Positive
337,298,118,5,23-06-2026 19:46,5,5,Positive
338,2493,1289,4,02-12-2025 17:34,4,4,Positive
339,283,1233,4,18-01-2026 22:15,4,4,Positive
340,402,607,4,15-03-2026 12:19,3,5,Positive
341,64,604,4,27-04-2026 13:21,5,4,Positive
342,956,162,4,06-02-2026 20:02,4,4,Positive
343,3101,329,4,11-07-2026 12:48,4,4,Positive
344,770,393,4,31-01-2026 14:06,5,4,Positive
345,353,456,4,14-03-2026 17:33,4,4,Positive
346,4429,740,5,29-11-2025 15:35,4,5,Positive
347,4349,445,4,18-10-2025 12:24,5,4,Positive
348,3804,1204,5,09-12-2025 11:39,4,5,Positive
349,2849,561,3,06-11-2025 22:12,4,3,Neutral
350,92,209,4,09-08-2026 12:23,4,4,Positive
351,3496,519,5,26-08-2026 11:54,5,5,Positive
352,3599,410,4,17-01-2026 21:30,4,4,Positive
353,17,1221,4,09-04-2026 20:48,4,4,Positive
354,1587,216,5,28-08-2026 23:32,5,5,Positive
355,1656,52,5,10-10-2025 14:14,4,5,Positive
356,330,605,4,28-08-2026 21:00,5,4,Positive
357,2223,401,4,13-12-2025 13:07,5,4,Positive
358,684,512,4,13-12-2025 11:34,5,3,Positive
359,155,364,4,15-06-2026 14:52,5,4,Positive
360,2930,303,4,01-12-2025 11:27,3,5,Positive
361,3727,1122,3,29-01-2026 22:32,4,3,Neutral
362,556,873,3,13-02-2026 23:19,2,4,Neutral
363,812,370,4,06-12-2025 15:02,5,4,Positive
364,2547,1012,5,25-05-2026 21:53,5,5,Positive
365,1740,781,5,23-04-2026 18:44,4,5,Positive
366,2075,939,4,30-01-2026 21:44,4,4,Positive
367,2395,886,4,24-08-2026 13:00,5,4,Positive
368,3613,1101,4,03-02-2026 16:25,5,4,Positive
369,3632,396,4,05-01-2026 13:37,4,4,Positive
370,2827,1012,4,27-04-2026 22:49,4,4,Positive
371,786,531,4,03-04-2026 17:19,4,4,Positive
372,740,627,4,08-11-2025 21:13,5,4,Positive
373,2687,1354,4,26-12-2025 18:00,5,3,Positive
374,2427,34,4,07-02-2026 21:44,5,4,Positive
375,1215,1494,4,23-01-2026 14:30,5,4,Positive
376,2876,1489,5,27-03-2026 17:17,4,5,Positive
377,3351,390,4,25-05-2026 13:58,4,4,Positive
378,3077,1313,5,12-06-2026 13:22,5,5,Positive
379,2437,501,5,02-02-2026 15:38,5,5,Positive
380,4283,708,4,27-07-2026 15:22,5,4,Positive
381,2971,1399,4,23-10-2025 18:35,3,4,Positive
382,4408,296,4,28-07-2026 14:08,5,3,Positive
383,2350,402,4,23-01-2026 21:17,5,3,Positive
384,1700,581,3,01-02-2026 21:11,4,3,Neutral
385,271,176,4,15-03-2026 14:29,5,4,Positive
386,4357,820,4,16-05-2026 10:30,5,4,Positive
387,2593,234,4,05-07-2026 22:21,5,3,Positive
388,306,1208,4,08-08-2026 20:37,3,4,Positive
389,626,782,4,08-05-2026 14:00,5,4,Positive
390,4378,1166,4,18-05-2026 22:35,5,4,Positive
391,1687,384,5,31-12-2025 14:05,5,5,Positive
392,3716,831,4,24-03-2026 13:32,5,4,Positive
393,969,691,5,26-10-2025 11:18,5,5,Positive
394,412,576,4,25-06-2026 15:28,5,4,Positive
395,3717,786,4,20-07-2026 20:07,5,4,Positive
396,3086,197,5,12-10-2025 11:16,5,5,Positive
397,4232,519,4,03-09-2025 23:05,5,4,Positive
398,3560,1295,5,10-10-2025 20:04,4,5,Positive
399,3016,510,4,20-08-2026 23:00,5,4,Positive
400,3706,924,4,09-08-2026 22:48,4,4,Positive
401,4319,307,4,24-03-2026 22:16,5,4,Positive
402,3734,251,5,13-02-2026 12:12,4,5,Positive
403,1334,1173,4,24-08-2026 19:00,4,4,Positive
404,2625,901,3,21-08-2026 13:00,4,3,Neutral
405,9,696,4,31-07-2026 19:39,5,3,Positive
406,2976,569,5,20-07-2026 19:06,4,5,Positive
407,2272,249,4,29-03-2026 12:56,4,4,Positive
408,1624,754,4,12-10-2025 22:15,5,3,Positive
409,3255,615,4,16-07-2026 21:00,5,4,Positive
410,3018,632,4,13-12-2025 12:56,5,3,Positive
411,2890,872,4,17-11-2025 23:02,4,4,Positive
412,1984,526,4,12-03-2026 23:32,5,3,Positive
413,767,1261,5,15-05-2026 18:07,4,5,Positive
414,3144,549,4,22-08-2026 11:30,5,4,Positive
415,3492,1016,5,03-11-2025 11:34,4,5,Positive
416,1294,213,4,15-03-2026 18:18,5,4,Positive
417,1714,521,5,08-02-2026 21:51,4,5,Positive
418,4145,454,5,10-03-2026 21:57,5,5,Positive
419,3842,944,4,02-08-2026 21:00,5,4,Positive
420,1160,377,4,01-05-2026 21:03,4,4,Positive
421,1273,1472,5,17-03-2026 16:21,5,5,Positive
422,3887,631,4,25-06-2026 13:00,5,4,Positive
423,3143,906,5,21-06-2026 22:21,5,5,Positive
424,228,1115,4,04-08-2026 14:00,5,3,Positive
425,2450,867,4,26-08-2026 13:00,5,4,Positive
426,3419,1273,4,01-09-2026 16:00,5,4,Positive
427,497,462,5,13-02-2026 14:20,5,5,Positive
428,3698,396,5,18-05-2026 21:52,4,5,Positive
429,238,1207,3,01-09-2026 12:52,4,3,Neutral
430,919,135,5,29-10-2025 12:20,5,5,Positive
431,4495,243,4,28-02-2026 12:42,4,4,Positive
432,4487,119,4,07-10-2025 13:31,5,4,Positive
433,3387,1470,5,05-01-2026 13:38,4,5,Positive
434,2207,25,4,02-04-2026 11:27,5,4,Positive
435,4113,561,4,04-09-2025 13:08,4,4,Positive
436,1188,1002,4,04-06-2026 12:00,4,4,Positive
437,4397,1247,4,16-07-2026 11:00,5,4,Positive
438,679,97,4,30-11-2025 11:51,4,4,Positive
439,2303,1100,4,03-11-2025 18:02,5,4,Positive
440,2788,1418,4,16-10-2025 22:49,5,3,Positive
441,3656,647,4,06-05-2026 22:00,4,4,Positive
442,2639,75,5,11-12-2025 14:08,5,5,Positive
443,2201,1309,4,19-02-2026 13:20,4,4,Positive
444,3622,343,3,22-10-2025 22:11,3,3,Neutral
445,1692,1454,4,15-07-2026 11:50,5,4,Positive
446,3142,414,4,05-05-2026 18:44,4,4,Positive
447,258,378,5,14-04-2026 21:09,5,5,Positive
448,1261,639,4,25-06-2026 21:54,5,4,Positive
449,4266,504,4,02-02-2026 21:45,4,4,Positive
450,1990,1426,4,12-12-2025 13:07,5,3,Positive
451,2901,50,5,01-10-2025 23:20,4,5,Positive
452,602,976,4,26-11-2025 13:28,4,4,Positive
453,130,620,4,25-10-2025 23:55,5,4,Positive
454,1795,1337,4,01-07-2026 18:18,4,4,Positive
455,855,96,4,27-05-2026 22:16,5,4,Positive
456,1903,164,5,03-04-2026 11:28,5,5,Positive
457,1728,260,4,06-12-2025 11:08,4,4,Positive
458,3361,462,4,24-09-2025 12:41,3,4,Positive
459,1743,279,4,15-11-2025 15:19,4,4,Positive
460,2769,263,4,19-07-2026 14:17,5,3,Positive
461,386,328,4,02-02-2026 22:36,5,4,Positive
462,1088,128,4,16-01-2026 12:52,4,4,Positive
463,3705,1465,4,02-08-2026 21:00,5,4,Positive
464,1217,426,4,29-04-2026 22:34,5,4,Positive
465,4295,293,4,20-05-2026 23:35,5,3,Positive
466,4154,438,5,11-11-2025 21:44,5,5,Positive
467,3634,898,3,03-06-2026 19:49,2,4,Neutral
468,1269,101,4,29-04-2026 12:45,5,4,Positive
469,1323,503,4,30-06-2026 19:09,5,4,Positive
470,2455,216,5,20-06-2026 14:27,5,5,Positive
471,1114,1432,3,23-02-2026 20:46,4,3,Neutral
472,2727,337,4,15-06-2026 12:09,5,4,Positive
473,1942,1124,4,31-10-2025 20:46,5,3,Positive
474,1730,784,4,26-08-2026 21:37,4,4,Positive
475,3268,110,3,17-12-2025 12:33,4,3,Neutral
476,2461,1376,4,09-07-2026 22:26,5,3,Positive
477,899,633,4,30-04-2026 23:05,5,4,Positive
478,1249,844,4,24-01-2026 22:19,5,3,Positive
479,2946,1499,4,18-08-2026 22:08,4,4,Positive
480,94,1336,4,07-03-2026 11:06,5,4,Positive
481,4391,1147,4,18-06-2026 12:24,3,4,Positive
482,2032,1017,4,14-10-2025 20:42,4,4,Positive
483,3913,1371,4,11-12-2025 21:24,4,4,Positive
484,3789,395,4,01-11-2025 20:54,4,4,Positive
485,3129,396,4,13-06-2026 14:02,3,4,Positive
486,3840,809,5,08-03-2026 12:10,4,5,Positive
487,846,1210,4,02-07-2026 12:40,5,4,Positive
488,3324,901,3,23-08-2026 17:00,4,3,Neutral
489,1900,168,4,18-11-2025 17:45,5,4,Positive
490,3438,493,4,22-07-2026 18:30,4,4,Positive
491,3958,890,5,04-09-2025 13:55,4,5,Positive
492,1479,710,4,30-09-2025 18:54,5,4,Positive
493,1638,495,4,15-02-2026 12:51,5,4,Positive
494,2771,646,4,28-02-2026 19:22,5,4,Positive
495,1338,847,4,19-08-2026 22:52,4,4,Positive
496,3045,1478,4,02-04-2026 19:01,5,4,Positive
497,1267,1135,4,11-01-2026 13:06,4,4,Positive
498,2157,422,4,08-05-2026 22:03,5,4,Positive
499,4440,760,4,08-02-2026 19:00,3,4,Positive
500,2557,48,4,03-05-2026 18:38,5,4,Positive
